id,data,codigo,descricao,previsto_mensal,realizado_mensal
0,2008-01,1.1.1.2.02.01,IMPOSTO S/ A PROPRIEDADE PREDIAL,"R$ 235.916.333,33","R$ 78.548.657,40"
12,2008-01,1.1.1.2.02.02,IMPOSTO S/ A PROPRIEDADE TERRITORIAL URBANA,"R$ 11.130.250,00","R$ 3.167.489,73"
24,2008-01,1.1.1.2.04.31,IMPOSTO DE RENDA RETIDO NAS FONTES S/ OS RENDIMENTOS DO TRABALHO,"R$ 47.250.000,00","R$ 50.455.762,09"
36,2008-01,1.1.1.2.04.33,IMPOSTO DE RENDA RETIDO NAS FONTES S/ REMESSA DE RECURSOS AO EXTERIOR,"R$ 0,00","R$ 0,00"
48,2008-01,1.1.1.2.04.34,IMPOSTO DE RENDA RETIDO NAS FONTES S/ OUTROS RENDIMENTOS,"R$ 8.750.000,00","R$ 8.145.249,38"
60,2008-01,1.1.1.2.08,IMPOSTO S/ TRANSMISSÃO  INTER-VIVOS  DE BENS IMÓVE,"R$ 45.620.833,33","R$ 47.114.185,67"
72,2008-01,1.1.1.3.05.01,IMPOSTO SOBRE SERVIÇOS DE QUALQUER NATUREZA,"R$ 410.000.000,00","R$ 484.884.286,25"
84,2008-01,1.1.1.3.05.02,ISS - SISTEMA INTEGRADO - SIMPLES,"R$ 791.666,67","R$ 150.133,04"
96,2008-01,1.1.1.3.05.03,ISS - CMSP,"R$ 17.916,67","R$ 0,00"
108,2008-01,1.1.1.3.05.04,ISS - SIMPLES NACIONAL,"R$ 24.066.666,67","R$ 23.312.772,11"
120,2008-01,1.1.1.3.07,IMPOSTO S/ VENDA A VAREJO DE COMBUSTÍVEIS LÍQUIDOS E GASOSOS - IVV,"R$ 0,00","R$ 0,00"
132,2008-01,1.1.2.1.25.01,"TAXA DE LICENÇA P/ LOCALIZAÇÃO, INSTALAÇÃO E FUNCIONAMENTO","R$ 0,00","R$ 0,00"
144,2008-01,1.1.2.1.25.02,TAXA DE VISTORIA DE NORMAS DE SEGURANÇA,"R$ 0,00","R$ 0,00"
156,2008-01,1.1.2.1.25.03,TAXA DE FISCALIZAÇÃO DE ESTABELECIMENTOS - TFE,"R$ 6.916.666,67","R$ 1.285.351,10"
168,2008-01,1.1.2.1.26.01,TAXA DE FISCALIZAÇÃO DE ANÚNCIOS,"R$ 1.250.000,00","R$ 255.301,34"
180,2008-01,1.1.2.1.32.01,TAXA P/ EXAME E VERIFICAÇÃO DE  PROJETOS E CONSTRUÇÕES,"R$ 4.333.333,33","R$ 2.752.004,53"
192,2008-01,1.1.2.1.34.01,TAXA DE VISTORIA DE APARELHOS DE TRANSPORTE VERTICAL E HORIZONTAL,"R$ 566.666,67","R$ 15.548,97"
204,2008-01,1.1.2.1.99.01,TAXA DE LICENÇA P/ TRÁFEGO DE VEÍCULOS,"R$ 15.000,00","R$ 0,00"
216,2008-01,1.1.2.1.99.02,TAXA DE LICENÇA P/ ARRUAMENTOS E LOTEAMENTOS,"R$ 0,00","R$ 48,12"
228,2008-01,1.1.2.1.99.03,TAXA DE FISCALIZAÇÃO DOS SERVIÇOS DE LIMPEZA URBANA - FISLURB,"R$ 140.833,33","R$ 50.148,08"
240,2008-01,1.1.2.1.99.04,TAXA DE REMOÇÃO - CET,"R$ 75.833,33","R$ 8.566,60"
252,2008-01,1.1.2.1.99.05,TAXA DE FISCALIZAÇÃO DE CEMITÉRIOS,"R$ 75.000,00","R$ 81.223,28"
264,2008-01,1.1.2.2.90.01,TAXA DE LIMPEZA PÚBLICA,"R$ 3.750,00","R$ 2.200,78"
276,2008-01,1.1.2.2.90.02,TAXA DE RESÍDUOS SÓLIDOS DOMICILIARES - TRSD,"R$ 1.368.333,33","R$ 692.477,41"
288,2008-01,1.1.2.2.90.03,TAXA DE RESÍDUOS SÓLIDOS DE SERVIÇOS DE SAÚDE - TRSS,"R$ 7.083.333,33","R$ 444.815,23"
300,2008-01,1.1.2.2.99.01,TAXA DE CONSERVAÇÃO DE VIAS E LOGRADOUROS PÚBLICOS,"R$ 333,33","R$ 493,46"
312,2008-01,1.1.2.2.99.02,TAXA DE ESTUDOS P/ FIXAÇÃO DE DIRETRIZES,"R$ 20.833,33","R$ 26.544,98"
324,2008-01,1.1.2.2.99.03,TAXA DE COMBATE A SINISTROS,"R$ 5.833,33","R$ 6.769,12"
336,2008-01,1.1.3.0.00.01,CONTRIBUIÇÃO DE MELHORIA,"R$ 13.416,67","R$ 1.994,04"
348,2008-01,1.1.4,RECEITA TRIBUTÁRIA A CLASSIFICAR,"R$ 0,00","R$ 129.853.717,51"
360,2008-01,1.1.5,RECEITAS A CLASSIFICAR - DAMSP,"R$ 0,00","R$ 1.539.200,75"
372,2008-01,1.2.1.0.01.01,PMSP,"R$ 7.333.066,67","R$ 0,00"
384,2008-01,1.2.1.0.01.02,CÂMARA MUNICIPAL,"R$ 37.187,50","R$ 47.022,75"
396,2008-01,1.2.1.0.01.03,TRIBUNAL DE CONTAS DO MUNICÍPIO DE SÃO PAULO,"R$ 19.055,42","R$ 0,00"
408,2008-01,1.2.1.0.01.04,IPREM,"R$ 9.450,00","R$ 8.630,06"
420,2008-01,1.2.1.0.01.05,PENSIONISTAS - IPREM,"R$ 376.657,08","R$ 422.595,56"
432,2008-01,1.2.1.0.01.06,SERVIÇO FUNERÁRIO DE SÃO PAULO,"R$ 31.850,00","R$ 29.685,14"
444,2008-01,1.2.1.0.01.07,CONTRIBUIÇÃO PESSOAL HSPM/CLT,"R$ 50.400,00","R$ 0,00"
456,2008-01,1.2.1.0.29.01,CONTRIBUIÇÃO PATRONAL DE SERVIDOR ATIVO CIVIL PARA,"R$ 0,00","R$ 0,00"
468,2008-01,1.2.1.0.29.01,CONTRIBUIÇÃO PATRONAL DE SERVIDOR ATIVO CIVIL PARA,"R$ 0,00","R$ 56.886,11"
480,2008-01,1.2.1.0.29.07,CONTRIBUIÇÃO DO SERVIDOR ATIVO CIVIL PARA O REGIME,"R$ 44.280.609,67","R$ 0,00"
492,2008-01,1.2.1.0.29.07,CONTRIBUIÇÃO DO SERVIDOR ATIVO CIVIL PARA O REGIME,"R$ 0,00","R$ 31.227.162,22"
504,2008-01,1.2.1.0.29.07,CONTRIBUIÇÃO DO SERVIDOR ATIVO CIVIL PARA O REGIME,"R$ 0,00","R$ 493.816,36"
516,2008-01,1.2.1.0.29.07,CONTRIBUIÇÃO DO SERVIDOR ATIVO CIVIL PARA O REGIME,"R$ 0,00","R$ 465.329,02"
528,2008-01,1.2.1.0.29.07,CONTRIBUIÇÃO DO SERVIDOR ATIVO CIVIL PARA O REGIME,"R$ 0,00","R$ 9.913,65"
540,2008-01,1.2.1.0.29.07,CONTRIBUIÇÃO DO SERVIDOR ATIVO CIVIL PARA O REGIME,"R$ 0,00","R$ 181.138,86"
552,2008-01,1.2.1.0.29.07,CONTRIBUIÇÃO DO SERVIDOR ATIVO CIVIL PARA O REGIME,"R$ 0,00","R$ 0,00"
564,2008-01,1.2.1.0.29.07,CONTRIBUIÇÃO DO SERVIDOR ATIVO CIVIL PARA O REGIME,"R$ 0,00","R$ 35.032,91"
576,2008-01,1.2.1.0.29.07,CONTRIBUIÇÃO DO SERVIDOR ATIVO CIVIL PARA O REGIME,"R$ 0,00","R$ 38.373,68"
588,2008-01,1.2.1.0.29.07,CONTRIBUIÇÃO DO SERVIDOR ATIVO CIVIL PARA O REGIME,"R$ 0,00","R$ 32.272,20"
600,2008-01,1.2.1.0.29.07,CONTRIBUIÇÃO DO SERVIDOR ATIVO CIVIL PARA O REGIME,"R$ 0,00","R$ 228.724,61"
612,2008-01,1.2.1.0.29.07,CONTRIBUIÇÃO DO SERVIDOR ATIVO CIVIL PARA O REGIME,"R$ 0,00","R$ 45.584,78"
624,2008-01,1.2.1.0.29.07,CONTRIBUIÇÃO DO SERVIDOR ATIVO CIVIL PARA O REGIME,"R$ 0,00","R$ 31.900,22"
636,2008-01,1.2.1.0.29.09,CONTRIBUIÇÕES DO SERVIDOR INATIVO CIVIL PARA O REG,"R$ 5.819.000,00","R$ 0,00"
648,2008-01,1.2.1.0.29.09,CONTRIBUIÇÕES DO SERVIDOR INATIVO CIVIL PARA O REG,"R$ 0,00","R$ 4.464.819,42"
660,2008-01,1.2.1.0.29.09,CONTRIBUIÇÕES DO SERVIDOR INATIVO CIVIL PARA O REG,"R$ 0,00","R$ 600.165,52"
672,2008-01,1.2.1.0.29.09,CONTRIBUIÇÕES DO SERVIDOR INATIVO CIVIL PARA O REG,"R$ 0,00","R$ 217.189,22"
684,2008-01,1.2.1.0.29.09,CONTRIBUIÇÕES DO SERVIDOR INATIVO CIVIL PARA O REG,"R$ 0,00","R$ 3.863,23"
696,2008-01,1.2.1.0.29.09,CONTRIBUIÇÕES DO SERVIDOR INATIVO CIVIL PARA O REG,"R$ 0,00","R$ 26.502,51"
708,2008-01,1.2.1.0.29.11,CONTRIBUIÇÕES DE PENSIONISTA CIVIL PARA O REGIME P,"R$ 916.666,67","R$ 0,00"
720,2008-01,1.2.1.0.29.11,CONTRIBUIÇÕES DE PENSIONISTA CIVIL PARA O REGIME P,"R$ 0,00","R$ 858.697,25"
732,2008-01,1.2.1.0.46.01,COMPENSAÇÃO PREVID. ENTRE RGPS E OS RPPS,"R$ 0,00","R$ 0,00"
744,2008-01,1.2.2.0.29,CONTRIBUIÇÃO P/ O CUSTEIO DO SERVIÇO DE ILUMINAÇÃO,"R$ 15.291.666,67","R$ 13.515.468,82"
756,2008-01,1.3.1.1.99,OUTRAS RECEITAS DE ALUGUÉIS,"R$ 20.833,33","R$ 4.129,31"
768,2008-01,1.3.1.1.99,OUTRAS RECEITAS DE ALUGUÉIS,"R$ 20.833,33","R$ 4.512,71"
780,2008-01,1.3.1.9.01.01,OUTRAS RECEITAS IMOBILIARIAS,"R$ 341.166,67","R$ 354.106,54"
792,2008-01,1.3.1.9.01.01,OUTRAS RECEITAS IMOBILIARIAS,"R$ 341.166,67","R$ 342.244,99"
804,2008-01,1.3.2.3,PARTICIPAÇÕES,"R$ 0,00","R$ 0,00"
816,2008-01,1.3.2.5.01.01,RECEITA DE REMUNERAÇÃO DE DEPÓSITOS BANCÁRIOS DE RECURSOS VINCULADOS -,"R$ 0,00","R$ 0,00"
828,2008-01,1.3.2.5.01.02,RECEITA DE REMUNERAÇÃO DE DEPÓSITOS BANCÁRIOS DE RECURSOS VINCULADOS -,"R$ 2.620.166,67","R$ 1.283.368,72"
840,2008-01,1.3.2.5.01.03,RECEITA DE REMUNERAÇÃO DE DEPÓSITOS BANCÁRIOS DE RECURSOS VINCULADOS -,"R$ 3.211.416,67","R$ 2.719.397,75"
852,2008-01,1.3.2.5.01.03,RECEITA DE REMUNERAÇÃO DE DEPÓSITOS BANCÁRIOS DE RECURSOS VINCULADOS -,"R$ 0,00","R$ 0,00"
864,2008-01,1.3.2.5.01.03,RECEITA DE REMUNERAÇÃO DE DEPÓSITOS BANCÁRIOS DE RECURSOS VINCULADOS -,"R$ 0,00","R$ 0,00"
876,2008-01,1.3.2.5.01.03,RECEITA DE REMUNERAÇÃO DE DEPÓSITOS BANCÁRIOS DE RECURSOS VINCULADOS -,"R$ 0,00","R$ 0,00"
888,2008-01,1.3.2.5.01.03,RECEITA DE REMUNERAÇÃO DE DEPÓSITOS BANCÁRIOS DE RECURSOS VINCULADOS -,"R$ 0,00","R$ 0,00"
900,2008-01,1.3.2.5.01.05,RECEITA DE REMUNERAÇÃO DE DEPÓSITOS BANCÁRIOS DE RECURSOS VINCULADOS -,"R$ 0,00","R$ 0,00"
912,2008-01,1.3.2.5.01.06,RECEITA DE REMUN.DE DEP. BANCÁRIOS DE REC. VINCULADOS - FUNDO DE SAÚDE,"R$ 666,67","R$ 829,88"
924,2008-01,1.3.2.5.01.06,RECEITA DE REMUN.DE DEP. BANCÁRIOS DE REC. VINCULADOS - FUNDO DE SAÚDE,"R$ 0,00","R$ 0,00"
936,2008-01,1.3.2.5.01.06,RECEITA DE REMUN.DE DEP. BANCÁRIOS DE REC. VINCULADOS - FUNDO DE SAÚDE,"R$ 0,00","R$ 0,00"
948,2008-01,1.3.2.5.01.06,RECEITA DE REMUN.DE DEP. BANCÁRIOS DE REC. VINCULADOS - FUNDO DE SAÚDE,"R$ 0,00","R$ 0,00"
960,2008-01,1.3.2.5.01.06,RECEITA DE REMUN.DE DEP. BANCÁRIOS DE REC. VINCULADOS - FUNDO DE SAÚDE,"R$ 41,67","R$ 0,00"
972,2008-01,1.3.2.5.01.99,RECEITA DE REMUNERAÇÃO DE OUTROS DEPÓSITOS BANCÁRIOS DE RECURSOS VINCU,"R$ 367.025,00","R$ 0,00"
984,2008-01,1.3.2.5.02.01,RECEITA DE REMUNERAÇÃO DE DEPÓSITOS DE POUPANÇA,"R$ 541.666,67","R$ 0,00"
996,2008-01,1.3.2.6.00.01,CONVÊNIO PMSP/SDTS - PLANSINE - FAT,"R$ 0,00","R$ 0,00"
1008,2008-01,1.3.2.6.00.02,CONVÊNIO PMSP/SDTS - PLANTEQ/2004 - FAT,"R$ 0,00","R$ 0,00"
1020,2008-01,1.3.2.6.00.03,CONVÊNIO MTE/SPPE/CODEFAT,"R$ 0,00","R$ 34.900,38"
1032,2008-01,1.3.2.8.10.01,REMUNERAÇÃO DOS INVESTIMENTOS EM RENDA FIXA,"R$ 416.666,67","R$ 200.826,36"
1044,2008-01,1.3.2.9.01.01,PMSP,"R$ 40.664.166,67","R$ 29.210.927,02"
1056,2008-01,1.3.2.9.01.01,PMSP,"R$ 40.664.166,67","R$ 30.969.413,38"
1068,2008-01,1.3.2.9.01.02,CÂMARA MUNICIPAL DE SÃO PAULO,"R$ 545.130,83","R$ 0,00"
1080,2008-01,1.3.2.9.01.03,TRIBUNAL DE CONTAS DO MUNICÍPIO DE SÃO PAULO,"R$ 27.009,83","R$ 29.662,71"
1092,2008-01,1.3.2.9.01.04,CEF - VALOR BLOQUEADO,"R$ 0,00","R$ 0,00"
1104,2008-01,1.3.2.9.01.05,OPERAÇÃO URBANA FARIA LIMA,"R$ 0,00","R$ 0,00"
1116,2008-01,1.3.2.9.01.06,OPERAÇÕES INTERLIGADAS,"R$ 28.767,00","R$ 138.257,76"
1128,2008-01,1.3.2.9.01.07,OPERAÇÃO URBANA ANHANGABAÚ,"R$ 0,00","R$ 0,00"
1140,2008-01,1.3.2.9.01.08,FUNDO ESPECIAL OPERAÇÃO URBANA ÁGUA BRANCA - FEAB,"R$ 0,00","R$ 0,00"
1152,2008-01,1.3.2.9.01.09,FEHIDRO - FUNDO ESTADUAL DE RECURSOS HÍDRICOS,"R$ 0,00","R$ 0,00"
1164,2008-01,1.3.2.9.01.10,PROGRAMA NACIONAL DE ALIMENTAÇÃO ESCOLAR - PNAE/FNDE,"R$ 91.666,67","R$ 0,00"
1176,2008-01,1.3.2.9.01.11,CONVÊNIO PMSP - MINISTÉRIO DA INTEGRAÇÃO NACIONAL - SEDEC,"R$ 0,00","R$ 0,00"
1188,2008-01,1.3.2.9.01.12,CONTRIBUIÇÃO PARA O CUSTEIO DO SERVIÇO DE ILUMINAÇÃO PÚBLICA - COSIP/F,"R$ 183.761,67","R$ 248.438,24"
1200,2008-01,1.3.2.9.01.13,INCENTIVO P/ A ATENÇÃO À SAÚDE NO SISTEMA PENITENCIÁRIO - SUS/FNS,"R$ 83,33","R$ 0,00"
1212,2008-01,1.3.2.9.01.14,PROGRAMA NACIONAL DE ALIMENTAÇÃO ESCOLAR - PNAE-CRECHE-SEMAB-FNDE,"R$ 10.000,00","R$ 0,00"
1224,2008-01,1.3.2.9.01.15,PLANO MUNICIPAL DE QUALIFICAÇÃO SOCIAL E PROFISSIONAL - PNQ/TEM,"R$ 0,00","R$ 0,00"
1236,2008-01,1.3.2.9.01.16,PROJETOS MUNICIPAIS DE EXPANSÃO DA SAÚDE DA FAMÍLIA - PROESF - FNS/FMS,"R$ 40.500,00","R$ 0,00"
1248,2008-01,1.3.2.9.01.19,PROGRAMA SÓCIO-EDUCATIVO EM MEIO ABERTO - ESPAÇO AMIGO - SAS,"R$ 0,00","R$ 0,00"
1260,2008-01,1.3.2.9.01.20,PROGRAMA DE ASSISTÊNCIA FARMACÊUTICA BÁSICA DO ESTADO DE SÃO PAULO - D,"R$ 47.666,67","R$ 13.021,92"
1272,2008-01,1.3.2.9.01.21,PROGRAMA PPD - SEGMENTO PESSOA COM DEFICIÊNCIA - SAS,"R$ 0,00","R$ 0,00"
1284,2008-01,1.3.2.9.01.22,CONVÊNIO Nº 800072/03 - FNDE/MEC - EDUCAÇÃO PRÉ-ES,"R$ 0,00","R$ 0,00"
1296,2008-01,1.3.2.9.01.23,CONVÊNIO Nº 804142/03 - FNDE/MEC -  ENSINO FUNDAME,"R$ 0,00","R$ 0,00"
1308,2008-01,1.3.2.9.01.24,CONVÊNIO Nº 808065/03 - FNDE/MEC - EDUCAÇÃO DE JOV,"R$ 0,00","R$ 0,00"
1320,2008-01,1.3.2.9.01.25,FUNDO ESPECIAL DE DESPESAS DA CÂMARA MUNICIPAL DE SÃO PAULO,"R$ 76.865,83","R$ 0,00"
1332,2008-01,1.3.2.9.01.27,PROGRAMA DE REESTRUTURAÇÃO URBANA - SISTEMA VIÁRIO JACU-PÊSSEGO/MINIST,"R$ 0,00","R$ 0,00"
1344,2008-01,1.3.2.9.01.28,CONVÊNIO N° 816169/2003-FNDE/MEC - EDUCAÇÃO ESPECI,"R$ 0,00","R$ 0,00"
1356,2008-01,1.3.2.9.01.31,FMAS - PROJETO RESTAURANTE ESCOLA,"R$ 435,00","R$ 2.180,54"
1368,2008-01,1.3.2.9.01.33,CENTRO MUNICIPAL DE EDUCAÇÃO TECNOLÓGICA - CONVÊNIO MEC/CEFET-SP,"R$ 24.750,00","R$ 10.277,89"
1380,2008-01,1.3.2.9.01.34,PROGRAMA @ LIS/ALIANÇA PARA A SOCIEDADE DA INFORMAÇÃO - SMCIS,"R$ 0,00","R$ 0,00"
1392,2008-01,1.3.2.9.01.35,PMSP/SMRI - SAÚDE PÚBLICA,"R$ 0,00","R$ 0,00"
1404,2008-01,1.3.2.9.01.36,PROTEÇÃO SOCIAL BÁSICA/FMAS,"R$ 75.428,00","R$ 10.152,24"
1416,2008-01,1.3.2.9.01.37,PROTEÇÃO SOCIAL ESPECIAL/FMAS,"R$ 85.954,00","R$ 28.077,38"
1428,2008-01,1.3.2.9.01.38,PROGRAMA BRASIL POTÊNCIA ESPORTIVA,"R$ 0,00","R$ 0,00"
1440,2008-01,1.3.2.9.01.40,MINISTÉRIO DO ESPORTE/CEF X SEME,"R$ 27.125,00","R$ 0,00"
1452,2008-01,1.3.2.9.01.41,PMSP/SAS/FMAS,"R$ 63.330,00","R$ 47.344,56"
1464,2008-01,1.3.2.9.01.42,CONVÊNIO MEC/FNDE - ASSISTÊNCIA FINANCEIRA A PROGRAMAS E PROJETOS EDUC,"R$ 0,00","R$ 0,00"
1476,2008-01,1.3.2.9.01.43,RADIAL LESTE,"R$ 0,00","R$ 0,00"
1488,2008-01,1.3.2.9.01.44,PROGRAMA NACIONAL DE APOIO AO TRANSPORTE DO ESCOLAR - PNATE,"R$ 0,00","R$ 0,00"
1500,2008-01,1.3.2.9.01.45,"PROGRAMA URB-AL, REDE N° 10","R$ 0,00","R$ 0,00"
1512,2008-01,1.3.2.9.01.46,MÉDIA E ALTA COMPLEXIDADE VIGILÂNCIA SANITÁRIA - MAC - FNS/FMS,"R$ 38.500,00","R$ 0,00"
1524,2008-01,1.3.2.9.01.50,SECRETARIA DE ESTADO DA SAÚDE - SMS/FMS,"R$ 37.750,00","R$ 29.981,01"
1536,2008-01,1.3.2.9.01.51,PROGRAMA URB-AL - PROJETO COMUM R3-B1-04 - OBSERVATÓRIOS LOCAIS DA DEM,"R$ 0,00","R$ 0,00"
1548,2008-01,1.3.2.9.01.52,PROGRAMA CENTROS DE ESPECIALIDADES ODONTOLÓGICAS - FNS/SMS,"R$ 13.833,33","R$ 269.429,61"
1560,2008-01,1.3.2.9.01.53,FEPAC,"R$ 3.000,00","R$ 0,00"
1572,2008-01,1.3.2.9.01.54,FUMCAD,"R$ 632.000,00","R$ 30.148,08"
1584,2008-01,1.3.2.9.01.55,FUTUR,"R$ 0,00","R$ 0,00"
1596,2008-01,1.3.2.9.01.56,FUNCOR,"R$ 0,00","R$ 0,00"
1608,2008-01,1.3.2.9.01.57,FUNDO CONSTITUCIONAL DA EDUCAÇÃO,"R$ 0,00","R$ 217.305,73"
1620,2008-01,1.3.2.9.01.58,FMAS - FUNDO MUNICIPAL DE ASSISTÊNCIA SOCIAL,"R$ 365.373,00","R$ 196.635,11"
1632,2008-01,1.3.2.9.01.59,FEMA - FUNDO ESPECIAL DO MEIO AMBIENTE E DESENVVOLVIMENTO SUSTENTÁVEL,"R$ 0,00","R$ 0,00"
1644,2008-01,1.3.2.9.01.60,PETI-PROGRAMA DE ERRADICAÇÃO DO TRABALHO INFANTIL - FNAS/FMAS,"R$ 9.677,00","R$ 0,00"
1656,2008-01,1.3.2.9.01.61,VIGISUS - FORTALECIMENTO DA GESTÃO EM VIGILÂNCIA - MS-FNS - SMS/FMS,"R$ 6.500,00","R$ 1.358,53"
1668,2008-01,1.3.2.9.01.62,CONVÊNIO PMSP/SMPP X UNIÃO,"R$ 0,00","R$ 0,00"
1680,2008-01,1.3.2.9.01.63,TERMINAL DE CARGAS FERNÃO DIAS/MT-DNIT/SP-MG,"R$ 0,00","R$ 0,00"
1692,2008-01,1.3.2.9.01.64,CONVÊNIO SSP/SP - SGM/CSU,"R$ 76.460,83","R$ 0,00"
1704,2008-01,1.3.2.9.01.65,PROGRAMA URB-AL - PROJETO COMUM R12 A1-04,"R$ 0,00","R$ 0,00"
1716,2008-01,1.3.2.9.01.66,OUTROS PROGRAMAS FINANCIADOS P/ TRANSFERÊNCIAS FUNDO A FUNDO,"R$ 104.583,33","R$ 315.969,82"
1728,2008-01,1.3.2.9.01.67,PROGRAMA URB - AL,"R$ 0,00","R$ 0,00"
1740,2008-01,1.3.2.9.01.68,CONVÊNIO MTE/SPPE X PMSP/SMTRAB - PROJOVEM,"R$ 0,00","R$ 0,00"
1752,2008-01,1.3.2.9.01.69,CONVÊNIO SENASP,"R$ 29.266,67","R$ 0,00"
1764,2008-01,1.3.2.9.01.70,RENDIMENTOS DE APLICAÇÕES FINANCEIRAS - ADM. INDIR,"R$ 481.254,92","R$ 210.943,69"
1776,2008-01,1.3.2.9.01.71,CONVÊNIO CITY JARAGUÁ,"R$ 26.227,50","R$ 0,00"
1788,2008-01,1.3.2.9.01.72,FUNCAP,"R$ 0,00","R$ 0,00"
1800,2008-01,1.3.2.9.01.73,CONVÊNIO SIURB - ESTADO,"R$ 0,00","R$ 0,00"
1812,2008-01,1.3.2.9.01.74,CONVÊNIO SMADS - UNIÃO EUROPÉIA,"R$ 0,00","R$ 0,00"
1824,2008-01,1.3.2.9.01.75,PMSP/SMADS/FMAS - PAC II POP RUA,"R$ 970,00","R$ 0,00"
1836,2008-01,1.3.2.9.01.76,CONVÊNIO PMSP/SMRI/REGIÃO ILE DE FRANCE,"R$ 0,00","R$ 0,00"
1848,2008-01,1.3.2.9.01.77,CONVÊNIO MINISTÉRIO DO TURISMO,"R$ 0,00","R$ 0,00"
1860,2008-01,1.3.2.9.01.78,RENDIMENTOS DE APLICAÇÕES FINANCEIRAS - ADM. INDIR,"R$ 170.833,33","R$ 245.984,63"
1872,2008-01,1.3.2.9.01.79,CONVÊNIO SME - ESTADO,"R$ 0,00","R$ 5,93"
1884,2008-01,1.3.2.9.01.81,INSTITUIÇÕES PRIVADAS X SMS,"R$ 0,00","R$ 0,00"
1896,2008-01,1.3.2.9.01.82,CONVÊNIO SMC - EXTERIOR,"R$ 0,00","R$ 0,00"
1908,2008-01,1.3.2.9.01.83,RENDIMENTOS DE APLICAÇÕES FINANCEIRAS - ADM. INDIR,"R$ 0,00","R$ 0,00"
1920,2008-01,1.3.2.9.01.83,RENDIMENTOS DE APLICAÇÕES FINANCEIRAS - ADM. INDIR,"R$ 0,00","R$ 0,00"
1932,2008-01,1.3.2.9.02.01,TRANSFERÊNCIAS DO SALÁRIO EDUCAÇÃO - LEI 10.832/03,"R$ 1.895.726,25","R$ 3.374.562,99"
1944,2008-01,1.3.2.9.02.02,CONVÊNIOS MINC/SMC,"R$ 16.666,67","R$ 938,55"
1956,2008-01,1.3.3.9.99.01,"RENDAS DE MERCADOS, FEIRAS E FRIGORÍFICOS (ANT. MAT.) - SISTEMA VELHO","R$ 0,00","R$ 0,00"
1968,2008-01,1.3.3.9.99.02,"RENDAS DE MERCADOS, FEIRAS E FRIGORÍFICOS (ANT. MAT.) - SISTEMA NOVO","R$ 875.000,00","R$ 247.130,80"
1980,2008-01,1.3.3.9.99.03,ESTÁDIO MUNICIPAL,"R$ 175.000,00","R$ 10.379,00"
1992,2008-01,1.3.3.9.99.04,AUTÓDROMO,"R$ 0,00","R$ 0,00"
2004,2008-01,1.3.3.9.99.05,KARTÓDROMO,"R$ 0,00","R$ 0,00"
2016,2008-01,1.3.3.9.99.06,CENTROS ESPORTIVOS - UNIDADES EDUCACIONAIS E ESPORTIVAS,"R$ 15.000,00","R$ 10.297,38"
2028,2008-01,1.3.3.9.99.07,CENTROS CULTURAIS - TEATROS/PMSP,"R$ 0,00","R$ 0,00"
2040,2008-01,1.3.3.9.99.08,CENTROS CULTURAIS - TEATROS/FEPAC,"R$ 38.000,00","R$ 62.947,85"
2052,2008-01,1.3.3.9.99.09,PERMISSÃO DE ATIVIDADES AMBULANTES,"R$ 0,00","R$ 0,00"
2064,2008-01,1.3.3.9.99.10,TARIFA DE PEDÁGIO P/ INGRESSO NAS RUAS DE PEDESTRES,"R$ 33.333,33","R$ 24.797,20"
2076,2008-01,1.3.3.9.99.12,CONCESSÃO PARA EXPLORAÇÃO COMERCIAL EM ESTACIONAMENTO SUBTERRÂNEO - SM,"R$ 4.166,67","R$ 1.784,41"
2088,2008-01,1.3.3.9.99.13,"IMPLANTAÇÃO, INSTALAÇÃO E PASSAGEM DE EQUIPAMENTOS URBANOS - CONVIAS","R$ 66.666,67","R$ 120.806,03"
2100,2008-01,1.3.3.9.99.14,OUTORGA ONEROSA - PRESTAÇÃO DE SERVIÇOS DE LIMPEZA URBANA EM REGIME PÚ,"R$ 0,00","R$ 0,00"
2112,2008-01,1.3.3.9.99.15,CONTRATOS DE CONCESSÃO E PERMISSÃO DOS SERVIÇOS DE LIMPEZA URBANA - FM,"R$ 2.500.000,00","R$ 24.081,83"
2124,2008-01,1.3.3.9.99.16,OUTRAS RECEITAS DE CONCESSÕES E PERMISSÕES,"R$ 666,67","R$ 0,00"
2136,2008-01,1.3.3.9.99.17,UNIDADES ESPORTIVAS DA SEME,"R$ 8.333,33","R$ 0,00"
2148,2008-01,1.3.4.0.01,UTILIZAÇÃO DE RECURSOS HÍDRICOS - ITAIPU,"R$ 83,33","R$ 0,00"
2160,2008-01,1.3.9.0.01.01,REMUNERAÇÕES DIVERSAS,"R$ 208.333,33","R$ 946.724,86"
2172,2008-01,1.3.9.0.02.01,BANCO ITAÚ S/A.,"R$ 0,00","R$ 0,00"
2184,2008-01,1.3.9.0.02.03,BANCO BRADESCO S/A.,"R$ 0,00","R$ 0,00"
2196,2008-01,1.5.2.0.28.01,SUBPRODUTOS DA LIMPEZA PÚBLICA,"R$ 16.666,67","R$ 0,00"
2208,2008-01,1.5.2.0.29.01,GRÁFICA MUNICIPAL,"R$ 0,00","R$ 0,00"
2220,2008-01,1.6.0.0.01.01,SERVIÇOS DE COMERCIALIZAÇÃO DE MEDICAMENTOS,"R$ 100.000,00","R$ 3.641,43"
2232,2008-01,1.6.0.0.01.06,"SERVIÇO DE COMERCIALIZAÇÃO DE PRODUTOS, DADOS E MATERIAIS DE INFORMÁTI","R$ 0,00","R$ 0,00"
2244,2008-01,1.6.0.0.02.07,SERVIÇOS DE COMISSÕES PELA PRESTAÇÃO DE SERVIÇOS,"R$ 2.083,33","R$ 2.099,29"
2256,2008-01,1.6.0.0.02.99,OUTROS SERVIÇOS FINANCEIROS,"R$ 507.083,33","R$ 0,00"
2268,2008-01,1.6.0.0.02.99,OUTROS SERVIÇOS FINANCEIROS,"R$ 0,00","R$ 4.158,28"
2280,2008-01,1.6.0.0.02.99,OUTROS SERVIÇOS FINANCEIROS,"R$ 0,00","R$ 16.675,22"
2292,2008-01,1.6.0.0.02.99,OUTROS SERVIÇOS FINANCEIROS,"R$ 0,00","R$ 58.074,46"
2304,2008-01,1.6.0.0.02.99,OUTROS SERVIÇOS FINANCEIROS,"R$ 0,00","R$ 327.690,95"
2316,2008-01,1.6.0.0.03.99,OUTROS SERVIÇOS DE TRANSPORTE,"R$ 1.369.166,67","R$ 1.435.826,86"
2328,2008-01,1.6.0.0.05.01,SERVIÇOS HOSPITALARES - FMS,"R$ 2.619.500,00","R$ 2.502.912,48"
2340,2008-01,1.6.0.0.05.01,SERVIÇOS HOSPITALARES - FMS,"R$ 0,00","R$ 0,00"
2352,2008-01,1.6.0.0.05.01,SERVIÇOS HOSPITALARES - FMS,"R$ 0,00","R$ 0,00"
2364,2008-01,1.6.0.0.05.01,SERVIÇOS HOSPITALARES - FMS,"R$ 0,00","R$ 0,00"
2376,2008-01,1.6.0.0.05.01,SERVIÇOS HOSPITALARES - FMS,"R$ 0,00","R$ 0,00"
2388,2008-01,1.6.0.0.05.02,SERVIÇOS DE REGISTRO DE ANÁLISE E DE CONTROLE DE PRODUTOS SUJEITOS A N,"R$ 333,08","R$ 0,00"
2400,2008-01,1.6.0.0.05.02,SERVIÇOS DE REGISTRO DE ANÁLISE E DE CONTROLE DE PRODUTOS SUJEITOS A N,"R$ 333,08","R$ 0,00"
2412,2008-01,1.6.0.0.05.03,SERVIÇOS RADIOLÓGICOS E LABOARATORIAIS - FMS,"R$ 1.604.583,33","R$ 1.251.456,25"
2424,2008-01,1.6.0.0.05.03,SERVIÇOS RADIOLÓGICOS E LABOARATORIAIS - FMS,"R$ 0,00","R$ 0,00"
2436,2008-01,1.6.0.0.05.03,SERVIÇOS RADIOLÓGICOS E LABOARATORIAIS - FMS,"R$ 0,00","R$ 0,00"
2448,2008-01,1.6.0.0.05.03,SERVIÇOS RADIOLÓGICOS E LABOARATORIAIS - FMS,"R$ 0,00","R$ 0,00"
2460,2008-01,1.6.0.0.05.03,SERVIÇOS RADIOLÓGICOS E LABOARATORIAIS - FMS,"R$ 0,00","R$ 0,00"
2472,2008-01,1.6.0.0.05.04,SERVIÇOS AMBULATORIAIS - FMS,"R$ 3.793.416,67","R$ 2.502.912,48"
2484,2008-01,1.6.0.0.05.04,SERVIÇOS AMBULATORIAIS - FMS,"R$ 0,00","R$ 0,00"
2496,2008-01,1.6.0.0.05.04,SERVIÇOS AMBULATORIAIS - FMS,"R$ 0,00","R$ 0,00"
2508,2008-01,1.6.0.0.05.04,SERVIÇOS AMBULATORIAIS - FMS,"R$ 0,00","R$ 0,00"
2520,2008-01,1.6.0.0.05.04,SERVIÇOS AMBULATORIAIS - FMS,"R$ 0,00","R$ 0,00"
2532,2008-01,1.6.0.0.05.98,OUTROS SERVIÇOS DE SAÚDE - ADMINISTRAÇÃO INDIRETA,"R$ 16,67","R$ 0,00"
2544,2008-01,1.6.0.0.05.99,OUTROS SERVIÇOS DE SAÚDE - FMS,"R$ 0,00","R$ 0,00"
2556,2008-01,1.6.0.0.13.01,SERVIÇOS DE INSCRIÇÃO EM CONCURSOS PÚBLICOS,"R$ 4.166,67","R$ 0,00"
2568,2008-01,1.6.0.0.13.01,SERVIÇOS DE INSCRIÇÃO EM CONCURSOS PÚBLICOS,"R$ 12.500,00","R$ 79.136,89"
2580,2008-01,1.6.0.0.13.01,SERVIÇOS DE INSCRIÇÃO EM CONCURSOS PÚBLICOS,"R$ 0,00","R$ 0,00"
2592,2008-01,1.6.0.0.13.01,SERVIÇOS DE INSCRIÇÃO EM CONCURSOS PÚBLICOS,"R$ 8,33","R$ 0,00"
2604,2008-01,1.6.0.0.13.01,SERVIÇOS DE INSCRIÇÃO EM CONCURSOS PÚBLICOS,"R$ 0,00","R$ 0,00"
2616,2008-01,1.6.0.0.13.01,SERVIÇOS DE INSCRIÇÃO EM CONCURSOS PÚBLICOS,"R$ 4.166,67","R$ 0,00"
2628,2008-01,1.6.0.0.13.01,SERVIÇOS DE INSCRIÇÃO EM CONCURSOS PÚBLICOS,"R$ 12.500,00","R$ 29.093,59"
2640,2008-01,1.6.0.0.13.01,SERVIÇOS DE INSCRIÇÃO EM CONCURSOS PÚBLICOS,"R$ 0,00","R$ 0,00"
2652,2008-01,1.6.0.0.13.01,SERVIÇOS DE INSCRIÇÃO EM CONCURSOS PÚBLICOS,"R$ 8,33","R$ 0,00"
2664,2008-01,1.6.0.0.13.01,SERVIÇOS DE INSCRIÇÃO EM CONCURSOS PÚBLICOS,"R$ 0,00","R$ 0,00"
2676,2008-01,1.6.0.0.13.02,SERVIÇOS DE VENDA DE EDITAIS,"R$ 5.000,00","R$ 7.555,55"
2688,2008-01,1.6.0.0.13.02,SERVIÇOS DE VENDA DE EDITAIS,"R$ 250,00","R$ 0,00"
2700,2008-01,1.6.0.0.13.02,SERVIÇOS DE VENDA DE EDITAIS,"R$ 0,00","R$ 0,00"
2712,2008-01,1.6.0.0.13.02,SERVIÇOS DE VENDA DE EDITAIS,"R$ 8,33","R$ 0,00"
2724,2008-01,1.6.0.0.13.02,SERVIÇOS DE VENDA DE EDITAIS,"R$ 0,00","R$ 0,00"
2736,2008-01,1.6.0.0.13.02,SERVIÇOS DE VENDA DE EDITAIS,"R$ 5.000,00","R$ 175,45"
2748,2008-01,1.6.0.0.13.02,SERVIÇOS DE VENDA DE EDITAIS,"R$ 250,00","R$ 805,50"
2760,2008-01,1.6.0.0.13.02,SERVIÇOS DE VENDA DE EDITAIS,"R$ 0,00","R$ 0,00"
2772,2008-01,1.6.0.0.13.02,SERVIÇOS DE VENDA DE EDITAIS,"R$ 8,33","R$ 0,00"
2784,2008-01,1.6.0.0.13.02,SERVIÇOS DE VENDA DE EDITAIS,"R$ 0,00","R$ 0,00"
2796,2008-01,1.6.0.0.13.04,SERVIÇOS DE EXPEDIÇÃO DE CERTIFICADOS,"R$ 100.000,00","R$ 64.249,15"
2808,2008-01,1.6.0.0.13.04,SERVIÇOS DE EXPEDIÇÃO DE CERTIFICADOS,"R$ 100.000,00","R$ 95.461,60"
2820,2008-01,1.6.0.0.13.04,SERVIÇOS DE EXPEDIÇÃO DE CERTIFICADOS,"R$ 100.000,00","R$ 132.440,82"
2832,2008-01,1.6.0.0.13.06,SERVIÇOS DE FORNECIMENTO DE LISTAGENS,"R$ 0,00","R$ 0,00"
2844,2008-01,1.6.0.0.13.07,SERVIÇOS DE FOTOCÓPIAS OU CÓPIAS HELIOGRÁFICAS,"R$ 46.250,00","R$ 52.718,23"
2856,2008-01,1.6.0.0.13.07,SERVIÇOS DE FOTOCÓPIAS OU CÓPIAS HELIOGRÁFICAS,"R$ 83,33","R$ 45,00"
2868,2008-01,1.6.0.0.13.07,SERVIÇOS DE FOTOCÓPIAS OU CÓPIAS HELIOGRÁFICAS,"R$ 16,67","R$ 0,00"
2880,2008-01,1.6.0.0.13.07,SERVIÇOS DE FOTOCÓPIAS OU CÓPIAS HELIOGRÁFICAS,"R$ 16,67","R$ 0,00"
2892,2008-01,1.6.0.0.13.07,SERVIÇOS DE FOTOCÓPIAS OU CÓPIAS HELIOGRÁFICAS,"R$ 0,00","R$ 0,00"
2904,2008-01,1.6.0.0.13.07,SERVIÇOS DE FOTOCÓPIAS OU CÓPIAS HELIOGRÁFICAS,"R$ 46.250,00","R$ 54.943,10"
2916,2008-01,1.6.0.0.13.07,SERVIÇOS DE FOTOCÓPIAS OU CÓPIAS HELIOGRÁFICAS,"R$ 83,33","R$ 147,90"
2928,2008-01,1.6.0.0.13.07,SERVIÇOS DE FOTOCÓPIAS OU CÓPIAS HELIOGRÁFICAS,"R$ 16,67","R$ 0,00"
2940,2008-01,1.6.0.0.13.07,SERVIÇOS DE FOTOCÓPIAS OU CÓPIAS HELIOGRÁFICAS,"R$ 16,67","R$ 0,00"
2952,2008-01,1.6.0.0.13.07,SERVIÇOS DE FOTOCÓPIAS OU CÓPIAS HELIOGRÁFICAS,"R$ 0,00","R$ 0,00"
2964,2008-01,1.6.0.0.13.08,SERVIÇOS DE EXPEDIENTES,"R$ 133.333,33","R$ 101.785,64"
2976,2008-01,1.6.0.0.13.08,SERVIÇOS DE EXPEDIENTES,"R$ 133.333,33","R$ 138.222,32"
2988,2008-01,1.6.0.0.13.08,SERVIÇOS DE EXPEDIENTES,"R$ 133.333,33","R$ 129.233,33"
3000,2008-01,1.6.0.0.13.08,SERVIÇOS DE EXPEDIENTES,"R$ 133.333,33","R$ 125.421,82"
3012,2008-01,1.6.0.0.13.11,REQUISIÇÃO DE SERVIÇOS - FISC,"R$ 0,00","R$ 0,00"
3024,2008-01,1.6.0.0.13.12,REMOÇÃO E ESTADIA - DSV,"R$ 1.854.166,67","R$ 0,00"
3036,2008-01,1.6.0.0.13.13,AUTUAÇÃO DE PROCESSOS - DAMSP,"R$ 100.000,00","R$ 85.656,30"
3048,2008-01,1.6.0.0.13.14,AUTUAÇÃO DE PROCESSOS - G. A. 99-T,"R$ 15.083,33","R$ 13.399,55"
3060,2008-01,1.6.0.0.13.15,"ANÁLISE DE ESTUDOS, PLANOS, PROJETOS E RELATÓRIOS - DECONT","R$ 0,00","R$ 0,00"
3072,2008-01,1.6.0.0.13.16,"DESINTERDIÇÃO, FISCALIZAÇÃO E VISTORIA - DECONT","R$ 0,00","R$ 221,40"
3084,2008-01,1.6.0.0.13.17,EMISSÃO DE LICENÇAS AMBIENTAIS - DECONT,"R$ 0,00","R$ 0,00"
3096,2008-01,1.6.0.0.13.18,SERVIÇOS DE TRANSPORTE DO DTP,"R$ 1.037.500,00","R$ 693.635,51"
3108,2008-01,1.6.0.0.13.19,RECEITA DE REGISTROS DE PROFISSIONAIS E FIRMAS,"R$ 3.750,00","R$ 3.732,35"
3120,2008-01,1.6.0.0.13.20,TERMO DE PERMISSÃO DE USO - TPU,"R$ 833.333,33","R$ 226.601,15"
3132,2008-01,1.6.0.0.13.23,LICENÇA ESPECIAL DE TRÂNSITO DE PRODUTOS PERIGOSOS - SMT,"R$ 3.750,00","R$ 80,20"
3144,2008-01,1.6.0.0.13.24,PANFLETAGEM - PROGRAMAS SOCIAIS - PMSP,"R$ 0,00","R$ 0,00"
3156,2008-01,1.6.0.0.13.25,CADASTRAMENTO DE AMBULANTES,"R$ 0,00","R$ 0,00"
3168,2008-01,1.6.0.0.13.26,TERMO DE PERMISSÃO DE USO - CONVIAS,"R$ 4.166,67","R$ 1.369,50"
3180,2008-01,1.6.0.0.13.27,APROVAÇÃO DE PROJETOS - CONVIAS,"R$ 11.666,67","R$ 16.122,50"
3192,2008-01,1.6.0.0.13.99,OUTROS SERVIÇOS ADMINISTRATIVOS,"R$ 0,00","R$ 619,15"
3204,2008-01,1.6.0.0.13.99,OUTROS SERVIÇOS ADMINISTRATIVOS,"R$ 400,00","R$ 0,00"
3216,2008-01,1.6.0.0.13.99,OUTROS SERVIÇOS ADMINISTRATIVOS,"R$ 583,08","R$ 0,00"
3228,2008-01,1.6.0.0.13.99,OUTROS SERVIÇOS ADMINISTRATIVOS,"R$ 0,00","R$ 749,20"
3240,2008-01,1.6.0.0.13.99,OUTROS SERVIÇOS ADMINISTRATIVOS,"R$ 400,00","R$ 0,00"
3252,2008-01,1.6.0.0.13.99,OUTROS SERVIÇOS ADMINISTRATIVOS,"R$ 583,08","R$ 0,00"
3264,2008-01,1.6.0.0.13.99,OUTROS SERVIÇOS ADMINISTRATIVOS,"R$ 0,00","R$ 741,15"
3276,2008-01,1.6.0.0.13.99,OUTROS SERVIÇOS ADMINISTRATIVOS,"R$ 400,00","R$ 0,00"
3288,2008-01,1.6.0.0.13.99,OUTROS SERVIÇOS ADMINISTRATIVOS,"R$ 583,08","R$ 0,00"
3300,2008-01,1.6.0.0.14,SERVIÇOS DE INSPEÇÃO E FISCALIZAÇÃO,"R$ 91.666,67","R$ 24.200,16"
3312,2008-01,1.6.0.0.19,SERVIÇOS RECREATIVOS E CULTURAIS,"R$ 4.166,67","R$ 0,00"
3324,2008-01,1.6.0.0.19,SERVIÇOS RECREATIVOS E CULTURAIS,"R$ 4.166,67","R$ 0,00"
3336,2008-01,1.6.0.0.21.01,FORNECIMENTO DE REFEIÇÕES,"R$ 0,00","R$ 2.018,59"
3348,2008-01,1.6.0.0.28,SERVIÇOS DE GEOPROCESSAMENTO,"R$ 0,00","R$ 0,00"
3360,2008-01,1.6.0.0.43.01,COLETA DE RESÍDUOS SÓLIDOS - SAÚDE - LIMPURB,"R$ 300.000,00","R$ 379.303,65"
3372,2008-01,1.6.0.0.99.01,CONCESSÕES,"R$ 2.054.583,33","R$ 828.716,37"
3384,2008-01,1.6.0.0.99.02,OUTROS SERVIÇOS DE CEMITÉRIOS,"R$ 272.500,00","R$ 297.850,30"
3396,2008-01,1.6.0.0.99.03,COMERCIALIZAÇÃO DE URNAS E CAIXÕES,"R$ 2.874.583,33","R$ 3.052.022,70"
3408,2008-01,1.6.0.0.99.04,COMERCIALIZAÇÃO DE URNAS PARA CINZAS DE MADEIRA E COBRE,"R$ 6.666,67","R$ 6.179,90"
3420,2008-01,1.6.0.0.99.05,COMERCIALIZAÇÃO DE ARTIGOS RELIGIOSOS,"R$ 56.666,67","R$ 59.787,10"
3432,2008-01,1.6.0.0.99.06,COMERCIALIZAÇÃO DE FLORES,"R$ 625.000,00","R$ 515.326,00"
3444,2008-01,1.6.0.0.99.07,SEPULTAMENTO,"R$ 485.000,00","R$ 477.643,88"
3456,2008-01,1.6.0.0.99.08,ALUGUEL DE GAVETA,"R$ 79.166,67","R$ 34.229,80"
3468,2008-01,1.6.0.0.99.09,ALUGUEL QUADRA GERAL,"R$ 79.166,67","R$ 98.409,75"
3480,2008-01,1.6.0.0.99.10,COLUMBÁRIO,"R$ 5.000,00","R$ 7.141,50"
3492,2008-01,1.6.0.0.99.11,VELÓRIO,"R$ 608.333,33","R$ 594.460,48"
3504,2008-01,1.6.0.0.99.12,CREMAÇÃO,"R$ 216.666,67","R$ 237.398,40"
3516,2008-01,1.6.0.0.99.13,CÂMARA FRIGORÍFICA,"R$ 19.166,67","R$ 22.097,25"
3528,2008-01,1.6.0.0.99.14,ESSA,"R$ 178.333,33","R$ 190.539,50"
3540,2008-01,1.6.0.0.99.15,OZONA,"R$ 416,67","R$ 53,40"
3552,2008-01,1.6.0.0.99.16,MESA,"R$ 32.500,00","R$ 34.692,60"
3564,2008-01,1.6.0.0.99.17,COMERCIALIZAÇÃO DE URNAS PARA CINZAS - FRASQUEIRAS,"R$ 4.166,67","R$ 5.948,50"
3576,2008-01,1.6.0.0.99.18,COMERCIALIZAÇÃO DE VELAS E LÂMPADAS,"R$ 68.333,33","R$ 66.466,69"
3588,2008-01,1.6.0.0.99.19,OUTROS SERVIÇOS,"R$ 175.364,17","R$ 83.086,08"
3600,2008-01,1.6.0.0.99.19,OUTROS SERVIÇOS,"R$ 175.364,17","R$ 90.091,74"
3612,2008-01,1.7.2.1.01.02,COTA-PARTE DO FUNDO DE PARTICIPAÇÃO DOS MUNICÍPIOS,"R$ 10.604.166,67","R$ 10.451.548,03"
3624,2008-01,1.7.2.1.01.05,COTA-PARTE DO IMPOSTO S/ A PROPRIEDADE TERRITORIAL RURAL,"R$ 56.666,67","R$ 31.602,59"
3636,2008-01,1.7.2.1.01.32,"COTA-PARTE DO IMPOSTO S/ OPERAÇÕES DE CRÉDITO, CÂMBIO E SEGURO, OU REL","R$ 1.666,67","R$ 7.821,42"
3648,2008-01,1.7.2.1.22.11,COTA-PARTE DA COMPENSAÇÃO FINANCEIRA DE RECURSOS HÍDRICOS,"R$ 33.958,33","R$ 15.579,90"
3660,2008-01,1.7.2.1.22.20,COTA-PARTE DA COMPENSAÇÃO FINANCEIRA DE EXTRAÇÃO MINERAL - CFEM,"R$ 12.666,67","R$ 20.999,42"
3672,2008-01,1.7.2.1.22.30,COTA-PARTE ROYALTIES - COMPENSAÇÃO FINANCEIRA PELA PRODUÇÃO DE PETRÓLE,"R$ 31.166,67","R$ 30.923,53"
3684,2008-01,1.7.2.1.22.40,COTA-PARTE ROYALTIES PELO EXCEDENTE DA PRODUÇÃO DO PETRÓLEO - LEI N° 9,"R$ 0,00","R$ 0,00"
3696,2008-01,1.7.2.1.22.50,"COTA-PARTE ROYALTIES PELA PARTICIPAÇÃO ESPECIAL - LEI N° 9478/97,  ART","R$ 0,00","R$ 5.108,83"
3708,2008-01,1.7.2.1.33.01,PISO DA ATENÇÃO BÁSICA/PAB/FUMDES,"R$ 26.676.000,00","R$ 21.175.559,55"
3720,2008-01,1.7.2.1.33.01,PISO DA ATENÇÃO BÁSICA/PAB/FUMDES,"R$ 26.676.000,00","R$ 21.454.697,05"
3732,2008-01,1.7.2.1.33.01,PISO DA ATENÇÃO BÁSICA/PAB/FUMDES,"R$ 26.676.000,00","R$ 20.816.034,75"
3744,2008-01,1.7.2.1.33.01,PISO DA ATENÇÃO BÁSICA/PAB/FUMDES,"R$ 26.676.000,00","R$ 21.186.858,75"
3756,2008-01,1.7.2.1.33.01,PISO DA ATENÇÃO BÁSICA/PAB/FUMDES,"R$ 26.676.000,00","R$ 16.647.409,75"
3768,2008-01,1.7.2.1.33.01,PISO DA ATENÇÃO BÁSICA/PAB/FUMDES,"R$ 26.676.000,00","R$ 17.722.901,33"
3780,2008-01,1.7.2.1.33.02,PISO DE ATENÇÃO PAB EPIDEMIOLOGIA E CONTROLE DE DOENÇAS/FUMDES,"R$ 5.500.250,00","R$ 3.700.096,65"
3792,2008-01,1.7.2.1.33.03,CO-FINANCIAMENTO HOSPITAIS MUNICIPAIS/ FUMDES,"R$ 21.666,67","R$ 0,00"
3804,2008-01,1.7.2.1.33.04,PROGRAMA ÁLCOOL E DROGAS/SUS,"R$ 0,00","R$ 0,00"
3816,2008-01,1.7.2.1.33.05,SMS-CENTROS DE REFERÊNCIA EM SAÚDE DO TRABALHADOR/FUMDES,"R$ 358.333,33","R$ 0,00"
3828,2008-01,1.7.2.1.33.06,PROGRAMA NACIONAL DE HIV AIDS/DST,"R$ 434.250,00","R$ 463.356,99"
3840,2008-01,1.7.2.1.33.07,GESTÃO PLENA DE SISTEMA MUNICIPAL/FUMDES,"R$ 67.678.916,67","R$ 50.812.941,95"
3852,2008-01,1.7.2.1.33.08,CUSTEIO DOS CENTROS DE ATENDIMENTO PSICOSSOCIAL/FNS,"R$ 160.666,67","R$ 0,00"
3864,2008-01,1.7.2.1.33.09,INCENTIVO P/ A ATENÇÃO À SAÚDE NO SISTEMA PENITENCIÁRIO - SUS/FNS,"R$ 83,33","R$ 0,00"
3876,2008-01,1.7.2.1.33.10,PROJETOS MUNICIPAIS DE EXPANSÃO DA SAÚDE DA FAMÍLIA - PROESF - FNS/FMS,"R$ 0,00","R$ 0,00"
3888,2008-01,1.7.2.1.33.11,MÉDIA E ALTA COMPLEXIDADE VIGILÂNCIA SANITÁRIA - M,"R$ 1.221.000,00","R$ 0,00"
3900,2008-01,1.7.2.1.33.13,PROGRAMA FARMÁCIA POPULAR DO BRASIL - FNS/FMS,"R$ 333.333,33","R$ 160.000,00"
3912,2008-01,1.7.2.1.33.14,PROGRAMA CENTROS DE ESPECIALIDADES ODONTOLÓGICAS -,"R$ 444.666,67","R$ 118.800,00"
3924,2008-01,1.7.2.1.33.15,VIGISUS - FORTALECIMENTO DA GESTÃO EM VIGILÂNCIA -,"R$ 152.583,33","R$ 0,00"
3936,2008-01,1.7.2.1.33.99,OUTROS PROGRAMAS FINANCIADOS P/ TRANSFERÊNCIAS FUNDO A FUNDO,"R$ 5.347.416,67","R$ 3.407.991,79"
3948,2008-01,1.7.2.1.34.01,SOCIEDADE PESTALOZZI - FNAS/FMAS,"R$ 0,00","R$ 0,00"
3960,2008-01,1.7.2.1.34.02,PROGRAMA DE ATENÇÃO CONTINUADA - PAC - FNAS/SAS,"R$ 192.500,00","R$ 0,00"
3972,2008-01,1.7.2.1.34.03,PROJETO AGENTE JOVEM DE DESENVOLVIMENTO SOCIAL E HUMANO - FNAS,"R$ 396.458,00","R$ 281.125,00"
3984,2008-01,1.7.2.1.34.04,PROGRAMA SENTINELA - FNAS/FMAS,"R$ 72.268,33","R$ 0,00"
3996,2008-01,1.7.2.1.34.05,FMAS - FUNDO MUNICIPAL DE ASSISTÊNCIA SOCIAL,"R$ 0,00","R$ 267.650,00"
4008,2008-01,1.7.2.1.34.06,NAF - NÚCLEO DE APOIO À FAMÍLIA - FNAS/FMAS,"R$ 0,00","R$ 0,00"
4020,2008-01,1.7.2.1.34.07,PETI - PROGRAMA DE ERRADICAÇÃO DO TRABALHO INFANTIL - FNAS/FMAS,"R$ 132.000,00","R$ 82.780,00"
4032,2008-01,1.7.2.1.34.08,PMSP/SAS/FMAS,"R$ 469.440,25","R$ 198.000,00"
4044,2008-01,1.7.2.1.34.09,PMSP/SMADS/FMAS - PAC II POP RUA,"R$ 13.200,00","R$ 0,00"
4056,2008-01,1.7.2.1.35.01,TRANFERÊNCIAS DO SALÁRIO-EDUCAÇÃO (LEI N° 10832/03,"R$ 21.700.000,00","R$ 18.078.878,42"
4068,2008-01,1.7.2.1.35.02,TRANSFERÊNCIAS DIRETAS DO FNDE REFERENTES AO PROGRAMA DINHEIRO DIRETO,"R$ 375.000,00","R$ 0,00"
4080,2008-01,1.7.2.1.35.03,TRANSFERÊNCIAS DIRETAS DO FNDE REFERENTES AO PROGRAMA NACIONAL DE ALIM,"R$ 441.666,67","R$ 0,00"
4092,2008-01,1.7.2.1.35.04,TRANSFERÊNCIAS DIRETAS DO FNDE REFERENTES AO PROGRAMA NACIONAL DE APOI,"R$ 8.333,33","R$ 0,00"
4104,2008-01,1.7.2.1.35.99,OUTRAS TRANSFERÊNCIAS DIRETAS DO FUNDO NACIONAL DO DESENVOLVIMENTO DA,"R$ 1.083.333,33","R$ 0,00"
4116,2008-01,1.7.2.1.36,TRANSFERÊNCIA FINANCEIRA DO ICMS - DESONERAÇÃO - L,"R$ 3.244.709,17","R$ 0,00"
4128,2008-01,1.7.2.1.99.02,CADASTRAMENTO ÚNICO P/ PROGRAMAS SOCIAIS,"R$ 300.000,00","R$ 0,00"
4140,2008-01,1.7.2.1.99.03,PROGRAMA MORAR MELHOR - CONTRATO N° 0157896-38/2003 - MINISTÉRIO DAS C,"R$ 0,00","R$ 0,00"
4152,2008-01,1.7.2.1.99.04,FEMA - FUNDO ESPECIAL DO MEIO AMBIENTE E DESENVVOLVIMENTO SUSTENTÁVEL,"R$ 0,00","R$ 0,00"
4164,2008-01,1.7.2.1.99.05,PROJETO NÚCLEOS DE INCENTIVO À ECONOMIA SOLIDÁRIA - FMAS,"R$ 0,00","R$ 0,00"
4176,2008-01,1.7.2.1.99.06,MINISTÉRIO DAS CIDADES/CEF X SMSP,"R$ 0,00","R$ 0,00"
4188,2008-01,1.7.2.1.99.99,DEMAIS TRANSFERÊNCIAS DA UNIÃO,"R$ 0,00","R$ 0,00"
4200,2008-01,1.7.2.2.01.01,COTA-PARTE DO ICMS,"R$ 345.250.000,00","R$ 305.772.576,91"
4212,2008-01,1.7.2.2.01.02,COTA-PARTE DO IPVA,"R$ 129.583.333,33","R$ 578.834.384,48"
4224,2008-01,1.7.2.2.01.04,COTA-PARTE DO IPI SOBRE EXPORTAÇÃO,"R$ 3.216.666,67","R$ 1.346.715,67"
4236,2008-01,1.7.2.2.01.13,COTA-PARTE DA CONTRIBUIÇÃO DE INTERVENÇÃO NO DOMÍNIO ECONÔMICO (CIDE),"R$ 1.383.333,33","R$ 4.069.562,48"
4248,2008-01,1.7.2.2.99.01,FUMDES,"R$ 0,00","R$ 0,00"
4260,2008-01,1.7.2.2.99.02,FUMCAD,"R$ 55.508,33","R$ 0,00"
4272,2008-01,1.7.2.2.99.03,FUTUR,"R$ 0,00","R$ 0,00"
4284,2008-01,1.7.2.2.99.04,FEHIDRO - FUNDO ESTADUAL DE RECURSOS HÍDRICOS,"R$ 10.000,00","R$ 20.943,48"
4296,2008-01,1.7.2.2.99.05,FMAS,"R$ 0,00","R$ 0,00"
4308,2008-01,1.7.2.2.99.06,FEMA,"R$ 0,00","R$ 0,00"
4320,2008-01,1.7.2.2.99.07,PROGRAMA RENDA CIDADÃ,"R$ 0,00","R$ 0,00"
4332,2008-01,1.7.2.2.99.99,OUTRAS TRANSFERÊNCIAS,"R$ 0,00","R$ 0,00"
4344,2008-01,1.7.2.3.99.01,CONTRIBUIÇÕES DA PMSP,"R$ 0,00","R$ 0,00"
4356,2008-01,1.7.2.3.99.01,CONTRIBUIÇÕES DA PMSP,"R$ 0,00","R$ 0,00"
4368,2008-01,1.7.2.3.99.01,CONTRIBUIÇÕES DA PMSP,"R$ 0,00","R$ 0,00"
4380,2008-01,1.7.2.3.99.01,CONTRIBUIÇÕES DA PMSP,"R$ 0,00","R$ 0,00"
4392,2008-01,1.7.2.3.99.01,CONTRIBUIÇÕES DA PMSP,"R$ 0,00","R$ 0,00"
4404,2008-01,1.7.2.3.99.01,CONTRIBUIÇÕES DA PMSP,"R$ 0,00","R$ 0,00"
4416,2008-01,1.7.2.3.99.01,CONTRIBUIÇÕES DA PMSP,"R$ 0,00","R$ 0,00"
4428,2008-01,1.7.2.3.99.01,CONTRIBUIÇÕES DA PMSP,"R$ 0,00","R$ 0,00"
4440,2008-01,1.7.2.3.99.01,CONTRIBUIÇÕES DA PMSP,"R$ 0,00","R$ 0,00"
4452,2008-01,1.7.2.3.99.01,CONTRIBUIÇÕES DA PMSP,"R$ 0,00","R$ 0,00"
4464,2008-01,1.7.2.4.01.01,DA UNIÃO,"R$ 13.100.833,33","R$ 11.472.924,58"
4476,2008-01,1.7.2.4.01.02,DO ESTADO,"R$ 117.907.500,00","R$ 155.396.289,06"
4488,2008-01,1.7.2.4.02,TRANSFERÊNCIAS DE RECURSOS DA COMPLEMENTAÇÃO DA UN,"R$ 0,00","R$ 0,00"
4500,2008-01,1.7.2.4.99.01,FUNDO CONSTITUCIONAL DA EDUCAÇÃO - UNIÃO,"R$ 0,00","R$ 0,00"
4512,2008-01,1.7.2.4.99.02,FUNDO CONSTITUCIONAL DA EDUCAÇÃO - ESTADO,"R$ 0,00","R$ 0,00"
4524,2008-01,1.7.3.0.01.01,DOAÇÕES E LEGADOS PJ - FUNCAP,"R$ 0,00","R$ 0,00"
4536,2008-01,1.7.3.0.01.02,INSTITUIÇÕES PRIVADAS X SMS,"R$ 0,00","R$ 0,00"
4548,2008-01,1.7.3.0.01.03,TRANSFERÊNCIA DE INSTITUIÇÕES PRIVADAS - ADM. INDI,"R$ 16.666,67","R$ 0,00"
4560,2008-01,1.7.3.0.01,TRANSFERÊNCIAS DE INSTITUIÇÕES PRIVADAS - ADMINIST,"R$ 0,00","R$ 0,00"
4572,2008-01,1.7.3.0.01,TRANSFERÊNCIAS DE INSTITUIÇÕES PRIVADAS - ADMINIST,"R$ 0,00","R$ 0,00"
4584,2008-01,1.7.4.0.01.04,FMAS,"R$ 0,00","R$ 0,00"
4596,2008-01,1.7.4.0.01.07,PROGRAMA URB-AL REDE Nº 10,"R$ 0,00","R$ 0,00"
4608,2008-01,1.7.4.0.01.10,FMAS-PROJETO RESTAURANTE ESCOLA,"R$ 5.833,33","R$ 0,00"
4620,2008-01,1.7.4.0.01.11,PROGRAMA @ LIS/ALIANÇA P/ A SOCIEDADE DA INFORMAÇÃO - SMCIS,"R$ 0,00","R$ 0,00"
4632,2008-01,1.7.4.0.01.12,PMSP/SMRI - SAÚDE PÚBLICA,"R$ 0,00","R$ 0,00"
4644,2008-01,1.7.4.0.01.13,PROGRAMA URB-AL - PROJETO COMUM R7-A3-03,"R$ 0,00","R$ 0,00"
4656,2008-01,1.7.4.0.01.14,PROGRAMA URB-AL - PROJETO COMUM R5-B2-04 - CENTROS DE CIDADANIA DA MUL,"R$ 0,00","R$ 0,00"
4668,2008-01,1.7.4.0.01.15,PROGRAMA URB-AL - PROJETO COMUM R3-B1-04 - OBSERVATÓRIOS LOCAIS DA DEM,"R$ 0,00","R$ 0,00"
4680,2008-01,1.7.4.0.01.17,INTECÂMBIO CITTIES ALLIANCE,"R$ 0,00","R$ 0,00"
4692,2008-01,1.7.4.0.01.18,PROGRAMA URB-AL - PROJETO COMUM R12 A1-04,"R$ 0,00","R$ 0,00"
4704,2008-01,1.7.4.0.01.19,"PROJETO URB-AL, EUROPA E AMÉRICA LATINA - PRACTICAR","R$ 0,00","R$ 0,00"
4716,2008-01,1.7.5.0.01,FUMCAD - IMPOSTO DE RENDA,"R$ 7.183.708,33","R$ 12.967.362,10"
4728,2008-01,1.7.5.0.02,FMAS,"R$ 250.000,00","R$ 167.502,26"
4740,2008-01,1.7.5.0.03,DOAÇÕES E LEGADOS PF - FUNCAP,"R$ 0,00","R$ 0,00"
4752,2008-01,1.7.6.1.01.01,FUMDES/CONVÊNIO DST/AIDS,"R$ 0,00","R$ 0,00"
4764,2008-01,1.7.6.1.01.02,CONVÊNIO DENGUE/FUMDES,"R$ 0,00","R$ 0,00"
4776,2008-01,1.7.6.1.01.03,OUTROS CONVÊNIOS SMS/FMS/FUMDES,"R$ 901.000,00","R$ 0,00"
4788,2008-01,1.7.6.1.02.01,CONVÊNIO PROGRAMA NACIONAL DE ALIMENTAÇÃO ESCOLAR - FNDE,"R$ 3.675.000,00","R$ 0,00"
4800,2008-01,1.7.6.1.02.02,CONVÊNIO MEC/FNDE - ASSISTÊNCIA FINANCEIRA A PROGRAMAS E PROJETOS EDUC,"R$ 166.666,67","R$ 57.105,80"
4812,2008-01,1.7.6.1.02.03,CONVÊNIO N° 800072/03 - FNDE/MEC - EDUCAÇÃO PRÉ-ESCOLAR,"R$ 0,00","R$ 0,00"
4824,2008-01,1.7.6.1.02.04,CONVÊNIO N° 804142/03 - FNDE/MEC - ENSINO FUNDAMENTAL,"R$ 0,00","R$ 0,00"
4836,2008-01,1.7.6.1.02.05,CONVÊNIO N° 808065/03 - FNDE/MEC - EDUCAÇÃO DE JOVENS E ADULTOS,"R$ 0,00","R$ 0,00"
4848,2008-01,1.7.6.1.02.06,CONVÊNIO N° 816169/03 - FNDE/MEC - EDUCAÇÃO ESPECIAL/CURSO DE CAPACITA,"R$ 0,00","R$ 0,00"
4860,2008-01,1.7.6.1.02.07,CONVÊNIO N° 820005/03 - FNDE/MEC - ENSINO FUNDAMENTAL/FORMAÇÃO CONTINU,"R$ 0,00","R$ 0,00"
4872,2008-01,1.7.6.1.02.08,CONVÊNIO N° 828118/03 - FNDE/MEC - CURSO DE ALFABETIZAÇÃO DE JOVENS E,"R$ 0,00","R$ 0,00"
4884,2008-01,1.7.6.1.02.09,CENTRO MUNICIPAL DE EDUCAÇÃO TECNOLÓGICA-CONVÊNIO MEC/CEFET-SP,"R$ 0,00","R$ 0,00"
4896,2008-01,1.7.6.1.02.10,CARTA DE ACORDO MEC/SEESP - PROGRAMA EDUCAÇÃO INCLUSIVA,"R$ 3.166,67","R$ 0,00"
4908,2008-01,1.7.6.1.03.01,PMSP/SAS/FMAS,"R$ 2.516.946,33","R$ 879.000,00"
4920,2008-01,1.7.6.1.03.02,FUMCAD,"R$ 0,00","R$ 0,00"
4932,2008-01,1.7.6.1.04.01,PROGRAMA REDE SOLIDÁRIA DE RESTAURANTES POPULARES - PMSP/SEMAB/MDS,"R$ 0,00","R$ 0,00"
4944,2008-01,1.7.6.1.04.02,PROGRAMA BANCO MUNICIPAL DE ALIMENTOS - PMSP/SEMAB/MDS,"R$ 0,00","R$ 0,00"
4956,2008-01,1.7.6.1.99.03,CONVÊNIO EMBRATUR - URBIS,"R$ 0,00","R$ 0,00"
4968,2008-01,1.7.6.1.99.04,PLANO MUNICIPAL DE QUALIFICAÇÃO SOCIAL E PROFISSIONAL - MTE/SDTS,"R$ 0,00","R$ 0,00"
4980,2008-01,1.7.6.1.99.07,CONVÊNIO CRMV-SP/CCZ-SP,"R$ 0,00","R$ 0,00"
4992,2008-01,1.7.6.1.99.08,CONVÊNIO MINISTÉRIO DAS RELAÇÕES EXTERIORES,"R$ 0,00","R$ 0,00"
5004,2008-01,1.7.6.1.99.09,CONVÊNIO MINISTÉRIO DO TURISMO,"R$ 16.666,67","R$ 0,00"
5016,2008-01,1.7.6.1.99.10,PROGRAMA DE MODERNIZAÇÃO DO SISTEMA DE CONTROLE EXTERNO DOS ESTADOS E,"R$ 0,00","R$ 0,00"
5028,2008-01,1.7.6.1.99.12,CONVÊNIO SECRETARIA NACIONAL DE SEGURANÇA PÚBLICA - SENASP,"R$ 536.508,83","R$ 1.725.686,55"
5040,2008-01,1.7.6.1.99.13,PMSP/SDTS - PLANSINE - FAT,"R$ 0,00","R$ 0,00"
5052,2008-01,1.7.6.1.99.14,CONVÊNIO PMSP/SDTS - PLANTEQ/2004 - FAT,"R$ 0,00","R$ 0,00"
5064,2008-01,1.7.6.1.99.15,CONVÊNIOS MINC/SMC,"R$ 0,00","R$ 0,00"
5076,2008-01,1.7.6.1.99.16,CONVÊNIO PMSP/SDTS - SEPPIR - GRPE,"R$ 83.333,33","R$ 0,00"
5088,2008-01,1.7.6.1.99.17,CONVÊNIO SEME - UNIÃO,"R$ 550.000,00","R$ 0,00"
5100,2008-01,1.7.6.1.99.18,CONVÊNIO SVMA - UNIÃO,"R$ 3.082,42","R$ 0,00"
5112,2008-01,1.7.6.1.99.19,CONVÊNIO PMSP/SMPP X UNIÃO,"R$ 9.833,33","R$ 0,00"
5124,2008-01,1.7.6.1.99.20,CONVÊNIO MTE/SPPE/CODEFAT,"R$ 5.979.142,33","R$ 829.126,01"
5136,2008-01,1.7.6.1.99.21,CONVÊNIO MTE/SPPE X PMSP/SMTRAB - PROJOVEM,"R$ 1.276.250,00","R$ 0,00"
5148,2008-01,1.7.6.1.99.22,CONVÊNIO CMDH - UNIÃO,"R$ 91.666,67","R$ 0,00"
5160,2008-01,1.7.6.1.99.23,HOSPITAL SENTINELA,"R$ 5.083,33","R$ 0,00"
5172,2008-01,1.7.6.1.99.23,HOSPITAL SENTINELA,"R$ 5.083,33","R$ 0,00"
5184,2008-01,1.7.6.2.01.01,TRANSFERÊNCIAS DE CONVÊNIOS DOS ESTADOS PARA O SISTEMA ÚNICO DE SAÚDE,"R$ 1.588.250,00","R$ 0,00"
5196,2008-01,1.7.6.2.01.02,SECRETARIA DE ESTADO DA SAÚDE - SMS/FMS,"R$ 5.087.500,00","R$ 0,00"
5208,2008-01,1.7.6.2.02.01,CONVÊNIO SME - ESTADO,"R$ 0,00","R$ 0,00"
5220,2008-01,1.7.6.2.99.01,PROGRAMA REVISÃO DO BENEFÍCIO DE PRESTAÇÃO CONTINUADA - BPC,"R$ 0,00","R$ 0,00"
5232,2008-01,1.7.6.2.99.02,PROGRAMA ESTAÇÃO CIDADANIA,"R$ 0,00","R$ 0,00"
5244,2008-01,1.7.6.2.99.03,PROJETO CRIANDO ASAS - RESOLUÇÃO SEADS 10 DE 07/05/02,"R$ 0,00","R$ 0,00"
5256,2008-01,1.7.6.2.99.04,PROGRAMA FORTALECENDO A FAMÍLIA - RESOLUÇÃO SEADS 11 DE 08/05/02,"R$ 0,00","R$ 0,00"
5268,2008-01,1.7.6.2.99.05,PROGRAMA DE ATENDIMENTO AO IDOSO,"R$ 0,00","R$ 0,00"
5280,2008-01,1.7.6.2.99.06,PROGRAMA ACOLHER/ATENDIMENTO AO MIGRANTE,"R$ 0,00","R$ 0,00"
5292,2008-01,1.7.6.2.99.07,PROGRAMA AÇÃO DE INCLUSÃO SOCIAL E PROTEÇÃO ESPECIAL - SAS,"R$ 0,00","R$ 0,00"
5304,2008-01,1.7.6.2.99.08,PROGRAMA SÓCIO-EDUCATIVO EM MEIO ABERTO - ESPAÇO AMIGO - SAS,"R$ 0,00","R$ 0,00"
5316,2008-01,1.7.6.2.99.09,PROGRAMA PPD - SEGMENTO PESSOA COM DEFICIÊNCIA - SAS,"R$ 0,00","R$ 0,00"
5328,2008-01,1.7.6.2.99.10,PROTEÇÃO SOCIAL BÁSICA/FMAS,"R$ 1.741.179,00","R$ 467.686,50"
5340,2008-01,1.7.6.2.99.11,PROTEÇÃO SOCIAL ESPECIAL/FMAS,"R$ 1.913.088,00","R$ 993.896,25"
5352,2008-01,1.7.6.2.99.12,CONVÊNIO SEME - ESTADO,"R$ 500.000,00","R$ 0,00"
5364,2008-01,1.7.6.2.99.13,CONVÊNIO SSP/SP - SGM/CSU,"R$ 0,00","R$ 0,00"
5376,2008-01,1.7.6.2.99.14,CONVÊNIO SERT N° 0067/2006 - BANCO DO POVO PAULISTA,"R$ 0,00","R$ 0,00"
5388,2008-01,1.7.6.2.99.15,CONVÊNIO SGM - ESTADO,"R$ 0,00","R$ 0,00"
5400,2008-01,1.7.6.2.99.16,CONVÊNIO FEHIDRO,"R$ 0,00","R$ 0,00"
5412,2008-01,1.7.6.3.02.01,CONVÊNIO 053/2006 - PROGRAMA NACIONAL DE INCLUSÃO,"R$ 0,00","R$ 0,00"
5424,2008-01,1.7.6.4.01,PMSP - PROGRAMA GESTÃO PÚBLICA E CIDADANIA - SMCIS,"R$ 0,00","R$ 0,00"
5436,2008-01,1.7.6.4.02,CONVÊNIO SEME - INSTITUIÇÕES PRIVADAS,"R$ 166.666,67","R$ 0,00"
5448,2008-01,1.7.6.4.03,CONVÊNIO SME - INSTITUIÇÕES PRIVADAS,"R$ 0,00","R$ 0,00"
5460,2008-01,1.7.6.5.01,CONVÊNIO SMADS - UNIÃO EUROPÉIA,"R$ 870.817,67","R$ 0,00"
5472,2008-01,1.7.6.5.02,CONVÊNIO SEME - EXTERIOR,"R$ 250.000,00","R$ 0,00"
5484,2008-01,1.9.1.0.01.01,MULTAS E JUROS DE MORA,"R$ 0,00","R$ 0,00"
5496,2008-01,1.9.1.0.01.01,MULTAS E JUROS DE MORA,"R$ 0,00","R$ 0,00"
5508,2008-01,1.9.1.0.01.01,MULTAS E JUROS DE MORA,"R$ 0,00","R$ 0,00"
5520,2008-01,1.9.1.0.01.01,MULTAS E JUROS DE MORA,"R$ 0,00","R$ 0,00"
5532,2008-01,1.9.1.0.01.01,MULTAS E JUROS DE MORA,"R$ 0,00","R$ 0,00"
5544,2008-01,1.9.1.0.01.01,MULTAS E JUROS DE MORA,"R$ 0,00","R$ 0,00"
5556,2008-01,1.9.1.0.01.01,MULTAS E JUROS DE MORA,"R$ 0,00","R$ 0,00"
5568,2008-01,1.9.1.0.01.01,MULTAS E JUROS DE MORA,"R$ 0,00","R$ 0,00"
5580,2008-01,1.9.1.0.01.01,MULTAS E JUROS DE MORA,"R$ 0,00","R$ 0,00"
5592,2008-01,1.9.1.1.02.03,MULTAS E JUROS DE MORA DO IMPOSTO S/ A RENDA RETIDO NAS FONTES,"R$ 0,00","R$ 1.911,80"
5604,2008-01,1.9.1.1.38.01,MULTAS E JUROS DE MORA DO IMPOSTO S/ A PROPRIEDADE PREDIAL E TERRITORI,"R$ 2.670.833,33","R$ 2.155.290,95"
5616,2008-01,1.9.1.1.39.01,MULTAS E JUROS DE MORA DO IMPOSTO S/A TRANSMISSÃO INTER-VIVOS DE BENS,"R$ 533.333,33","R$ 451.134,93"
5628,2008-01,1.9.1.1.40.01,MULTAS E JUROS DE MORA DO IMPOSTO S/ SERVIÇOS DE QUALQUER NATUREZA - I,"R$ 2.929.166,67","R$ 3.329.053,18"
5640,2008-01,1.9.1.1.98.01,MULTAS E JUROS DE MORA DAS CONTRIBUIÇÕES DE MELHORIA,"R$ 833,33","R$ 142,80"
5652,2008-01,1.9.1.1.99.01,MULTAS E JUROS DE MORA DE OUTROS TRIBUTOS,"R$ 1.458.333,33","R$ 895.157,13"
5664,2008-01,1.9.1.1.99.03,MULTAS E JUROS DE MORA DO IVV,"R$ 408.333,33","R$ 0,00"
5676,2008-01,1.9.1.2.29.01,MULTAS E JUROS DE MORA DA CONTRIBUIÇÃO PATRONAL PARA O RPPS,"R$ 83,33","R$ 0,00"
5688,2008-01,1.9.1.2.29.02,MULTAS E JUROS DE MORA DA CONTRIBUIÇÃO DO SERVIDOR PARA O RPPS,"R$ 9.083,33","R$ 53,33"
5700,2008-01,1.9.1.3.11.01,MULTAS E JUROS DE MORA DA DÍVIDA ATIVA DO IMPOSTO S/A PROPRIEDADE PRED,"R$ 9.583.333,33","R$ 5.422.746,28"
5712,2008-01,1.9.1.3.12.01,MULTAS E JUROS DE MORA DA DÍVIDA ATIVA DO IMPOSTO S/A TRANSMISSÃO INTE,"R$ 65.833,33","R$ 25.365,67"
5724,2008-01,1.9.1.3.13.01,MULTAS E JUROS DE MORA DA DÍVIDA ATIVA DE OUTRAS RECEITAS,"R$ 762.500,00","R$ 207.040,76"
5736,2008-01,1.9.1.3.98.01,MULTAS E JUROS DE MORA DA DÍVIDA ATIVA DAS CONTRIBUIÇÕES DE MELHORIA,"R$ 137.500,00","R$ 25.291,28"
5748,2008-01,1.9.1.3.99.01,MULTAS E JUROS DE MORA DA DÍVIDA ATIVA DO IVV,"R$ 6.750,00","R$ 0,00"
5760,2008-01,1.9.1.3.99.02,MULTAS E JUROS DE MORA DA DÍVIDA ATIVA DE OUTROS TRIBUTOS,"R$ 1.543.333,33","R$ 633.121,11"
5772,2008-01,1.9.1.5.99.03,MULTA E JUROS DE MORA DA DÍVIDA ATIVA - FEMA,"R$ 0,00","R$ 0,00"
5784,2008-01,1.9.1.5.99.04,MULTA E JUROS DE MORA DA DÍVIDA ATIVA - FUMCAD,"R$ 0,00","R$ 0,00"
5796,2008-01,1.9.1.8.01.01,MULTAS E JUROS DE MORA DE ALUGUÉIS,"R$ 83,33","R$ 0,00"
5808,2008-01,1.9.1.8.99.01,OUTRAS MULTAS E JUROS DE MORA,"R$ 83,33","R$ 2.698,55"
5820,2008-01,1.9.1.9.10.01,MULTAS P/ NÃO FORNECIMENTO DE MATERIAL PREVENTIVO E EDUCATIVO DA AIDS,"R$ 0,00","R$ 0,00"
5832,2008-01,1.9.1.9.10.02,MULTAS PREVISTAS NA LEGISLAÇÃO SANITÁRIA - FMS,"R$ 0,00","R$ 0,00"
5844,2008-01,1.9.1.9.10.03,MULTAS ZOONOSES,"R$ 0,00","R$ 0,00"
5856,2008-01,1.9.1.9.11.01,MULTAS SMSP - SISTEMA VELHO,"R$ 0,00","R$ 2.001,93"
5868,2008-01,1.9.1.9.11.02,MULTAS SMSP - SISTEMA NOVO,"R$ 658.333,33","R$ 816.498,45"
5880,2008-01,1.9.1.9.11.03,FUMDES,"R$ 0,00","R$ 0,00"
5892,2008-01,1.9.1.9.11.05,FUNCOR,"R$ 0,00","R$ 0,00"
5904,2008-01,1.9.1.9.15.01,MULTAS DE TRÂNSITO - DSV - FMDT,"R$ 39.583.333,33","R$ 24.263.031,14"
5916,2008-01,1.9.1.9.15.02,MULTAS DE TRÂNSITO VEÍCULOS DE OUTROS MUNICÍPIOS -,"R$ 3.333.333,33","R$ 30.451,90"
5928,2008-01,1.9.1.9.15.03,MULTAS P/ TRANSPORTE DE PRODUTOS PERIGOSOS - DSV -,"R$ 175.000,00","R$ 0,00"
5940,2008-01,1.9.1.9.15.04,MULTAS DE TRÂNSITO DE VEÍCULOS DE OUTROS ESTADOS - RENAINF,"R$ 3.333.333,33","R$ 0,00"
5952,2008-01,1.9.1.9.27.01,MULTAS E JUROS/ EMPRESAS MUNICIPAIS,"R$ 33.333,33","R$ 0,00"
5964,2008-01,1.9.1.9.27.02,MULTAS E JUROS/ CONTRATOS PMSP,"R$ 350.000,00","R$ 364.338,76"
5976,2008-01,1.9.1.9.27.03,MULTOS E JUROS - CONTRATOS SERVIÇO FUNERÁRIO,"R$ 1.666,67","R$ 9.750,70"
5988,2008-01,1.9.1.9.27.04,MULTAS E JUROS - CONTRATOS AUTARQUIAS,"R$ 7.500,00","R$ 2.236,25"
6000,2008-01,1.9.1.9.27.04,MULTAS E JUROS - CONTRATOS AUTARQUIAS,"R$ 250,00","R$ 3.848,66"
6012,2008-01,1.9.1.9.27.04,MULTAS E JUROS - CONTRATOS AUTARQUIAS,"R$ 3.970,00","R$ 2.267,99"
6024,2008-01,1.9.1.9.27.04,MULTAS E JUROS - CONTRATOS AUTARQUIAS,"R$ 11.250,00","R$ 0,00"
6036,2008-01,1.9.1.9.27.04,MULTAS E JUROS - CONTRATOS AUTARQUIAS,"R$ 7.200,00","R$ 0,00"
6048,2008-01,1.9.1.9.32.01,FUMCAD,"R$ 60.000,00","R$ 237,50"
6060,2008-01,1.9.1.9.32.02,MULTAS - SENTENÇA PENAL CONDENATÓRIA - FISC,"R$ 0,00","R$ 0,00"
6072,2008-01,1.9.1.9.35.01,POLUIÇÃO AMBIENTAL - DECONT,"R$ 2.500,00","R$ 0,00"
6084,2008-01,1.9.1.9.35.02,FEMA,"R$ 28.055,25","R$ 5.857,17"
6096,2008-01,1.9.1.9.50.01,MULTAS AUTO DE INFRAÇÃO - RI,"R$ 0,00","R$ 0,00"
6108,2008-01,1.9.1.9.50.02,MULTAS POR AUTO DE INFRAÇÃO - FUNCAP,"R$ 175.000,00","R$ 0,00"
6120,2008-01,1.9.1.9.50.03,MULTAS AUTO DE INFRAÇÃO SERVIÇO FUNERÁRIO,"R$ 416,67","R$ 0,00"
6132,2008-01,1.9.1.9.99.01,MULTAS E JUROS DIVERSOS - PMSP,"R$ 83.333,33","R$ 106.250,96"
6144,2008-01,1.9.1.9.99.02,OUTRAS MULTAS - FMS,"R$ 0,00","R$ 0,00"
6156,2008-01,1.9.1.9.99.03,OUTRAS MULTAS - FUNCAP,"R$ 0,00","R$ 0,00"
6168,2008-01,1.9.2.1.06.01,INDENIZAÇÕES P/ CALÇAMENTOS REPOSTOS,"R$ 0,00","R$ 0,00"
6180,2008-01,1.9.2.1.06.02,INDENIZAÇÕES DE COMPANHIAS SEGURADORAS,"R$ 83,33","R$ 0,00"
6192,2008-01,1.9.2.1.99.01,OUTRAS INDENIZAÇÕES - PMSP,"R$ 4.166,67","R$ 1.481.511,56"
6204,2008-01,1.9.2.2.01.01,RESSARCIMENTO POR APLICAÇÃO INDEVIDA DA URV/94 - SUS,"R$ 28.208,33","R$ 0,00"
6216,2008-01,1.9.2.2.07,RECUPERAÇÃO DE DESPESAS DE EXERCÍCIOS ANTERIORES,"R$ 0,00","R$ 0,00"
6228,2008-01,1.9.2.2.10.01,COMPENSAÇÕES FINANCEIRAS ENTRE O RGPS E O RPPS,"R$ 9.333.333,33","R$ 1.411.767,59"
6240,2008-01,1.9.2.2.99.01,RESTITUIÇÕES DIVERSAS,"R$ 2.500.000,00","R$ 4.592.639,10"
6252,2008-01,1.9.2.2.99.01,RESTITUIÇÕES DIVERSAS,"R$ 0,00","R$ 0,00"
6264,2008-01,1.9.2.2.99.01,RESTITUIÇÕES DIVERSAS,"R$ 0,00","R$ 0,00"
6276,2008-01,1.9.2.2.99.01,RESTITUIÇÕES DIVERSAS,"R$ 2.500.000,00","R$ 2.344.590,61"
6288,2008-01,1.9.2.2.99.01,RESTITUIÇÕES DIVERSAS,"R$ 0,00","R$ 0,00"
6300,2008-01,1.9.2.2.99.01,RESTITUIÇÕES DIVERSAS,"R$ 0,00","R$ 0,00"
6312,2008-01,1.9.2.2.99.01,RESTITUIÇÕES DIVERSAS,"R$ 2.500.000,00","R$ 392.733,00"
6324,2008-01,1.9.2.2.99.01,RESTITUIÇÕES DIVERSAS,"R$ 0,00","R$ 0,00"
6336,2008-01,1.9.2.2.99.01,RESTITUIÇÕES DIVERSAS,"R$ 0,00","R$ 0,00"
6348,2008-01,1.9.2.2.99.02,REEMBOLSOS DE SALÁRIO FAMÍLIA,"R$ 11.833,33","R$ 38.743,44"
6360,2008-01,1.9.2.2.99.03,RESTITUIÇÕES DIVERSAS - FMS,"R$ 0,00","R$ 0,00"
6372,2008-01,1.9.3.1.11,RECEITA DA DÍVIDA ATIVA DO IMPOSTO S/A PROPRIEDADE PREDIAL E TERRITORI,"R$ 20.029.166,67","R$ 9.154.022,54"
6384,2008-01,1.9.3.1.12,RECEITA DA DÍVIDA ATIVA DO IMPOSTO S/A TRANSMISSÃO INTER-VIVOS DE BENS,"R$ 58.333,33","R$ 21.827,94"
6396,2008-01,1.9.3.1.13,RECEITA DA DÍVIDA ATIVA DO IMPOSTO S/ SERVIÇOS DE QUALQUER NATUREZA -,"R$ 1.316.666,67","R$ 394.691,44"
6408,2008-01,1.9.3.1.98,RECEITA DA DÍVIDA ATIVA DAS CONTRIBUIÇÕES DE MELHORIA,"R$ 241.666,67","R$ 25.755,55"
6420,2008-01,1.9.3.1.99.01,RECEITA DA DÍVIDA ATIVA DE OUTROS TRIBUTOS - PRINCIPAL - PMSP,"R$ 1.950.000,00","R$ 452.283,70"
6432,2008-01,1.9.3.1.99.03,FISC,"R$ 58.416,67","R$ 8,08"
6444,2008-01,1.9.3.1.99.04,RECEITA DA DÍVIDA ATIVA DO IMPOSTO S/ VENDA A VAREJO DE COMBUSTÍVEIS L,"R$ 5.583,33","R$ 0,00"
6456,2008-01,1.9.3.2.99.01,RECEITA DA DÍVIDA ATIVA NÃO TRIBUTÁRIA DE OUTRAS RECEITAS,"R$ 86.000,00","R$ 0,00"
6468,2008-01,1.9.3.2.99.01,RECEITA DA DÍVIDA ATIVA NÃO TRIBUTÁRIA DE OUTRAS RECEITAS,"R$ 0,00","R$ 5.461,33"
6480,2008-01,1.9.3.2.99.01,RECEITA DA DÍVIDA ATIVA NÃO TRIBUTÁRIA DE OUTRAS RECEITAS,"R$ 0,00","R$ 785,43"
6492,2008-01,1.9.3.2.99.01,RECEITA DA DÍVIDA ATIVA NÃO TRIBUTÁRIA DE OUTRAS RECEITAS,"R$ 0,00","R$ 44.362,53"
6504,2008-01,1.9.3.2.99.01,RECEITA DA DÍVIDA ATIVA NÃO TRIBUTÁRIA DE OUTRAS RECEITAS,"R$ 0,00","R$ 39,29"
6516,2008-01,1.9.3.2.99.01,RECEITA DA DÍVIDA ATIVA NÃO TRIBUTÁRIA DE OUTRAS RECEITAS,"R$ 0,00","R$ 15.458,09"
6528,2008-01,1.9.3.2.99.01,RECEITA DA DÍVIDA ATIVA NÃO TRIBUTÁRIA DE OUTRAS RECEITAS,"R$ 0,00","R$ 7.742,26"
6540,2008-01,1.9.3.2.99.01,RECEITA DA DÍVIDA ATIVA NÃO TRIBUTÁRIA DE OUTRAS RECEITAS,"R$ 0,00","R$ 0,00"
6552,2008-01,1.9.3.2.99.02,RECEITA DA DÍVIDA ATIVA - ADM. INDIRETA,"R$ 0,00","R$ 6.620,76"
6564,2008-01,1.9.3.2.99.03,RECEITA DA DÍVIDA ATIVA/FEMA,"R$ 0,00","R$ 0,00"
6576,2008-01,1.9.3.2.99.04,RECEITA DA DÍVIDA ATIVA/FUMCAD,"R$ 0,00","R$ 0,00"
6588,2008-01,1.9.3.2.99.05,JUD - SISTEMA CONVENCIONAL,"R$ 0,00","R$ 0,00"
6600,2008-01,1.9.3.2.99.06,JUD,"R$ 1.350.833,33","R$ 735.211,17"
6612,2008-01,1.9.9.0.01.01,REFIS,"R$ 666.666,67","R$ 689.588,96"
6624,2008-01,1.9.9.0.01.02,PROGRAMA DE PARCELAMENTO INCENTIVADO - PPI,"R$ 14.945.833,33","R$ 21.252.085,64"
6636,2008-01,1.9.9.0.01.03,PROGRAMA DE PARCELAMENTO INCENTIVADO - PPI - DECRETO N° 48260/2007,"R$ 15.741.666,67","R$ 24.975.795,66"
6648,2008-01,1.9.9.0.01.04,PARCELAMENTO ESPECIAL PARA INGRESSO NO SIMPLES NACIONAL - PISN,"R$ 83.333,33","R$ 74.989,53"
6660,2008-01,1.9.9.0.01.05,PARCELAMENTO ADMINISTRATIVO DE DÉBITOS TRIBUTÁRIOS - PAT,"R$ 20.476.666,67","R$ 0,00"
6672,2008-01,1.9.9.0.01.06,PROGRAMA DE PARCELAMENTO INCENTIVADO PPI 2008,"R$ 0,00","R$ 0,00"
6684,2008-01,1.9.9.0.02.01,RECEITA DE HONORÁRIOS DE ADVOGADOS,"R$ 2.600.000,00","R$ 9.548.632,85"
6696,2008-01,1.9.9.0.02.02,RECEITA DE ÔNUS DE SUCUMBÊNCIA,"R$ 0,00","R$ 0,00"
6708,2008-01,1.9.9.0.03.01,RECEITA DE LEILÕES DE MERCADORIAS APREENDIDAS,"R$ 0,00","R$ 0,00"
6720,2008-01,1.9.9.0.97,RECUPERAÇÃO DE DESPESAS DE EXERCÍCIOS ANTERIORES,"R$ 500,00","R$ 163,21"
6732,2008-01,1.9.9.0.98,DESCONTOS OBTIDOS,"R$ 0,00","R$ 0,00"
6744,2008-01,1.9.9.0.98,DESCONTOS OBTIDOS,"R$ 0,00","R$ 0,00"
6756,2008-01,1.9.9.0.99.01,OUTRAS RECEITAS,"R$ 35.000,00","R$ 46.319,55"
6768,2008-01,1.9.9.0.99.02,ATUALIZAÇÃO MONETÁRIA,"R$ 0,00","R$ 0,00"
6780,2008-01,1.9.9.0.99.03,PRESTAÇÃO DE COBRANÇA DUVIDOSA,"R$ 4.000,00","R$ 0,00"
6792,2008-01,1.9.9.0.99.04,CRÉDITOS EM EXECUÇÃO,"R$ 0,00","R$ 0,00"
6804,2008-01,1.9.9.0.99.05,CRÉDITOS A RECEBER DE PENSÕES,"R$ 0,00","R$ 0,00"
6816,2008-01,1.9.9.0.99.06,OUTROS CRÉDITOS,"R$ 0,00","R$ 0,00"
6828,2008-01,1.9.9.0.99.07,EMPRÉSTIMOS RES. 600/2001,"R$ 0,00","R$ 0,00"
6840,2008-01,1.9.9.0.99.08,REC. DIV. AT. CONTR. RPPS,"R$ 166.666,67","R$ 118.477,05"
6852,2008-01,1.9.9.0.99.09,SALDO NÃO UTILIZADO DO ADIANTAMENTO,"R$ 333.333,33","R$ 763.788,14"
6864,2008-01,1.9.9.0.99.09,SALDO NÃO UTILIZADO DO ADIANTAMENTO,"R$ 0,00","R$ 0,00"
6876,2008-01,1.9.9.0.99.09,SALDO NÃO UTILIZADO DO ADIANTAMENTO,"R$ 0,00","R$ 0,00"
6888,2008-01,1.9.9.0.99.09,SALDO NÃO UTILIZADO DO ADIANTAMENTO,"R$ 83,33","R$ 4.397,95"
6900,2008-01,1.9.9.0.99.09,SALDO NÃO UTILIZADO DO ADIANTAMENTO,"R$ 0,00","R$ 0,00"
6912,2008-01,1.9.9.0.99.10,SALDO NÃO UTILIZADO DO ADIANTAMENTO - FUNDURB/OUTORGA ONEROSA,"R$ 0,00","R$ 0,00"
6924,2008-01,1.9.9.0.99.11,FUNDO ESPECIAL DE DESPESAS DA CÂMARA MUNICIPAL DE SÃO PAULO,"R$ 23.333,33","R$ 0,00"
6936,2008-01,1.9.9.0.99.12,RECEITA DE CANCELAMENTO DE RESTOS A PAGAR,"R$ 31.416.666,67","R$ 28.197.274,47"
6948,2008-01,1.9.9.0.99.12,RECEITA DE CANCELAMENTO DE RESTOS A PAGAR,"R$ 0,00","R$ 100.545,37"
6960,2008-01,1.9.9.0.99.12,RECEITA DE CANCELAMENTO DE RESTOS A PAGAR,"R$ 0,00","R$ 245.383,10"
6972,2008-01,1.9.9.0.99.12,RECEITA DE CANCELAMENTO DE RESTOS A PAGAR,"R$ 0,00","R$ 1.075,41"
6984,2008-01,1.9.9.0.99.12,RECEITA DE CANCELAMENTO DE RESTOS A PAGAR,"R$ 0,00","R$ 0,00"
6996,2008-01,1.9.9.0.99.12,RECEITA DE CANCELAMENTO DE RESTOS A PAGAR,"R$ 0,00","R$ 1.031.327,01"
7008,2008-01,1.9.9.0.99.12,RECEITA DE CANCELAMENTO DE RESTOS A PAGAR,"R$ 0,00","R$ 0,00"
7020,2008-01,1.9.9.0.99.12,RECEITA DE CANCELAMENTO DE RESTOS A PAGAR,"R$ 0,00","R$ 0,00"
7032,2008-01,1.9.9.0.99.12,RECEITA DE CANCELAMENTO DE RESTOS A PAGAR,"R$ 0,00","R$ 0,00"
7044,2008-01,1.9.9.0.99.12,RECEITA DE CANCELAMENTO DE RESTOS A PAGAR,"R$ 0,00","R$ 0,00"
7056,2008-01,1.9.9.0.99.12,RECEITA DE CANCELAMENTO DE RESTOS A PAGAR,"R$ 0,00","R$ 0,00"
7068,2008-01,1.9.9.0.99.13,RECEITA EVENTUAL,"R$ 69.166,67","R$ 130,00"
7080,2008-01,1.9.9.0.99.13,RECEITA EVENTUAL,"R$ 83.333,33","R$ 1.260.229,89"
7092,2008-01,1.9.9.0.99.13,RECEITA EVENTUAL,"R$ 20.833,33","R$ 34.717,67"
7104,2008-01,1.9.9.0.99.13,RECEITA EVENTUAL,"R$ 2.083,33","R$ 1.977,26"
7116,2008-01,1.9.9.0.99.13,RECEITA EVENTUAL,"R$ 5.000,00","R$ 0,00"
7128,2008-01,1.9.9.0.99.13,RECEITA EVENTUAL,"R$ 166,67","R$ 212,22"
7140,2008-01,1.9.9.0.99.13,RECEITA EVENTUAL,"R$ 4.000,00","R$ 0,00"
7152,2008-01,1.9.9.0.99.13,RECEITA EVENTUAL,"R$ 232,08","R$ 0,00"
7164,2008-01,1.9.9.0.99.13,RECEITA EVENTUAL,"R$ 0,00","R$ 0,00"
7176,2008-01,1.9.9.0.99.13,RECEITA EVENTUAL,"R$ 0,00","R$ 0,00"
7188,2008-01,1.9.9.0.99.13,RECEITA EVENTUAL,"R$ 0,00","-R$ 17,49"
7200,2008-01,1.9.9.0.99.14,OUTRAS RECEITAS - FMS,"R$ 0,00","R$ 0,00"
7212,2008-01,1.9.9.0.99.15,SALDO NÃO UTILIZADO DO ADIANTAMENTO - FUMCAD,"R$ 0,00","R$ 0,00"
7224,2008-01,1.9.9.0.99.16,SALDO NÃO UTILIZADO DO ADIANTAMENTO - FMH,"R$ 0,00","R$ 0,00"
7236,2008-01,1.9.9.0.99.17,SALDO NÃO UTILIZADO DO ADIANTAMENTO - FUNCOR,"R$ 0,00","R$ 0,00"
7248,2008-01,1.9.9.0.99.18,SALDO NÃO UTILIZADO DO ADIANTAMENTO - FMAS,"R$ 0,00","R$ 0,00"
7260,2008-01,1.9.9.0.99.19,SALDO NÃO UTILIZADO DO ADIANTAMENTO - FEMA,"R$ 0,00","R$ 0,00"
7272,2008-01,1.9.9.0.99.20,SALDO NÃO UTILIZADO DO ADIANTAMENTO - FEPAC,"R$ 0,00","R$ 0,00"
7284,2008-01,1.9.9.0.99.21,SALDO NÃO UTILIZADO DO ADIANTAMENTO - FUTUR,"R$ 0,00","R$ 0,00"
7296,2008-01,1.9.9.0.99.22,EVENTUAIS DIVERSOS - PMSP,"R$ 875.000,00","R$ 540.221,57"
7308,2008-01,1.9.9.0.99.23,LEILÕES - DSV/SPTRANS/CET,"R$ 1.333.333,33","R$ 0,00"
7320,2008-01,1.9.9.0.99.24,LEILÕES - DTP,"R$ 43.333,33","R$ 0,00"
7332,2008-01,1.9.9.0.99.25,OFERTA PÚBLICA DE RECURSOS - DESCONTOS OBTIDOS,"R$ 1.666.666,67","R$ 0,00"
7344,2008-01,1.9.9.0.99.25,OFERTA PÚBLICA DE RECURSOS - DESCONTOS OBTIDOS,"R$ 0,00","R$ 0,00"
7356,2008-01,1.9.9.0.99.25,OFERTA PÚBLICA DE RECURSOS - DESCONTOS OBTIDOS,"R$ 0,00","R$ 0,00"
7368,2008-01,1.9.9.0.99.25,OFERTA PÚBLICA DE RECURSOS - DESCONTOS OBTIDOS,"R$ 0,00","R$ 0,00"
7380,2008-01,1.9.9.0.99.25,OFERTA PÚBLICA DE RECURSOS - DESCONTOS OBTIDOS,"R$ 0,00","R$ 0,00"
7392,2008-01,1.9.9.0.99.25,OFERTA PÚBLICA DE RECURSOS - DESCONTOS OBTIDOS,"R$ 0,00","R$ 0,00"
7404,2008-01,1.9.9.0.99.25,OFERTA PÚBLICA DE RECURSOS - DESCONTOS OBTIDOS,"R$ 8.333,33","R$ 0,00"
7416,2008-01,1.9.9.0.99.26,RECEITAS DIVERSAS - FUNCAP,"R$ 0,00","R$ 0,00"
7428,2008-01,1.9.9.0.99.27,LEILÕES - FUNDIP,"R$ 250.000,00","R$ 0,00"
7440,2008-01,1.9.9.0.99.28,DESCONTOS OBTIDOS,"R$ 0,00","R$ 0,00"
7452,2008-01,1.9.9.0.99.29,SALDO NÃO UTILIZADO DO ADIANTAMENTO - FMS,"R$ 0,00","R$ 0,00"
7464,2008-01,1.9.9.0.99.70,ATUALIZAÇÃO MONETÁRIA,"R$ 333,33","R$ 154,06"
7476,2008-01,1.9.9.0.99.70,ATUALIZAÇÃO MONETÁRIA,"R$ 333,33","R$ 56,14"
7488,2008-01,1.9.9.0.99.74,OUTROS CRÉDITOS,"R$ 0,00","R$ 0,00"
7500,2008-01,1.9.9.0.99.80,SUBPERMISSÕES DE LANCHONETES,"R$ 12.500,00","R$ 8.827,22"
7512,2008-01,1.9.9.0.99.99,DOCUMENTOS ELETRÔNICOS A CLASSIFICAR,"R$ 0,00","R$ 425.241,18"
7524,2008-01,2.1.1.1.01,TÍTULOS DE RESPONSABILIDADE DO TESOURO - REFINANCIAMENTO DA DÍVIDA PÚB,"R$ 0,00","R$ 0,00"
7536,2008-01,2.1.1.4.05.01,PROGRAMA DE MODERNIZAÇÃO DA ADMINISTRAÇÃO TRIBUTÁRIA - PMAT/BNDES,"R$ 2.947.040,00","R$ 0,00"
7548,2008-01,2.1.1.4.99.01,HABITAÇÃO - CEF,"R$ 0,00","R$ 0,00"
7560,2008-01,2.1.1.4.99.04,TRANSPORTE III - BNDES,"R$ 0,00","R$ 0,00"
7572,2008-01,2.1.1.4.99.05,TRANSPORTE / PRÓ-MOB,"R$ 1.870.912,50","R$ 0,00"
7584,2008-01,2.1.2.3.99.01,PROCENTRO - BID,"R$ 11.987.194,42","R$ 0,00"
7596,2008-01,2.1.2.3.99.03,PNAFM,"R$ 436.508,33","R$ 0,00"
7608,2008-01,2.2.1.0.01,ALIENAÇÃO DE BENS MÓVEIS,"R$ 0,00","R$ 0,00"
7620,2008-01,2.2.1.0.01,ALIENAÇÃO DE BENS MÓVEIS,"R$ 0,00","R$ 0,00"
7632,2008-01,2.2.1.9.00.01,ALIENAÇÃO DE OUTROS BENS MÓVEIS,"R$ 12.500,00","R$ 0,00"
7644,2008-01,2.2.2.9.00.01,ALIENAÇÃO DE OUTROS BENS IMÓVEIS,"R$ 32.916.666,67","R$ 0,00"
7656,2008-01,2.2.2.9.00.01,ALIENAÇÃO DE OUTROS BENS IMÓVEIS,"R$ 32.916.666,67","R$ 0,00"
7668,2008-01,2.3.0.0.99.01,AMORTIZAÇÃO DAS DÍVIDAS COM INSS - ANHEMBI,"R$ 79.725,00","R$ 79.768,32"
7680,2008-01,2.3.0.0.99.01,AMORTIZAÇÃO DAS DÍVIDAS COM INSS - ANHEMBI,"R$ 79.725,00","R$ 87.359,43"
7692,2008-01,2.3.0.0.99.02,EMPRÉSTIMOS HIPOTECÁRIOS - DEC. N° 34.985/95,"R$ 18.308,33","R$ 18.318,07"
7704,2008-01,2.3.0.0.99.02,EMPRÉSTIMOS HIPOTECÁRIOS - DEC. N° 34.985/95,"R$ 18.308,33","R$ 20.061,30"
7716,2008-01,2.3.0.0.99.03,EMPRÉSTIMOS HIPOTECÁRIOS - RESOLUÇÃO N° 546/96,"R$ 0,00","R$ 0,00"
7728,2008-01,2.3.0.0.99.03,EMPRÉSTIMOS HIPOTECÁRIOS - RESOLUÇÃO N° 546/96,"R$ 0,00","R$ 0,00"
7740,2008-01,2.3.0.0.99.04,AMORTIZAÇÃO DAS DÍVIDAS COM INSS - PRODAM,"R$ 27.866,67","R$ 27.880,58"
7752,2008-01,2.3.0.0.99.05,AMORTIZAÇÃO DAS DÍVIDAS COM INSS - SPTRANS,"R$ 264.175,00","R$ 264.320,82"
7764,2008-01,2.3.0.0.99.06,AMORTIZAÇÃO DAS DÍVIDAS COM INSS - EMURB,"R$ 13.191,67","R$ 13.193,85"
7776,2008-01,2.4.2.1.01.01,TRANSFERÊNCIAS DE RECURSOS DO SUS,"R$ 0,00","R$ 0,00"
7788,2008-01,2.4.2.1.01.02,PROJETOS MUNICIPAIS DE EXPANSÃO DA SAÚDE DA FAMÍLIA - PROESF - FNS/FMS,"R$ 1.350.000,00","R$ 0,00"
7800,2008-01,2.4.2.1.01.03,PROGRAMA NACIONAL DE HIV AIDS/DST - FMS,"R$ 63.500,00","R$ 0,00"
7812,2008-01,2.4.2.1.01.04,PISO DA ATENÇÃO BÁSICA - PAB - EPIDEMIOLOGIA E CONTROLE DE DOENÇAS - F,"R$ 131.583,33","R$ 0,00"
7824,2008-01,2.4.2.1.01.05,GESTÃO PLENA DO SISTEMA MUNICIPAL DE SAÚDE - FMS,"R$ 0,00","R$ 0,00"
7836,2008-01,2.4.2.1.01.06,PROGRAMA FARMÁCIA POPULAR DO BRASIL - FNS/FMS,"R$ 0,00","R$ 0,00"
7848,2008-01,2.4.2.1.01.07,PROGRAMA CENTROS DE ESPECIALIDADES ODONTOLÓGICAS - FNS/FMS,"R$ 189.916,67","R$ 0,00"
7860,2008-01,2.4.2.1.01.08,VIGISUS - FORTALECIMENTO DA GESTÃO EM VIGILÂNCIA - MS/FNS - SMS/FMS,"R$ 62.666,67","R$ 0,00"
7872,2008-01,2.4.2.1.02.01,PROGRAMA NACIONAL DE ALIMENTAÇÃO ESCOLAR - PNAE/FNDE,"R$ 0,00","R$ 0,00"
7884,2008-01,2.4.2.1.02.02,PROGRAMA DINHEIRO DIRETO NA ESCOLA - PDDE/FNDE,"R$ 0,00","R$ 0,00"
7896,2008-01,2.4.2.1.99.01,FUNDO ESPECIAL LEI 7525/86 - PETROBRAS,"R$ 0,00","R$ 115.731,20"
7908,2008-01,2.4.2.1.99.02,PROGRAMA DE REESTRUTURAÇÃO URBANA - SISTEMA VIÁRIO JACU-PÊSSEGO/MINIST,"R$ 0,00","R$ 0,00"
7920,2008-01,2.4.2.1.99.04,FUNDAÇÃO ENSINO TÉCNICO E SUPERIOR,"R$ 0,00","R$ 0,00"
7932,2008-01,2.4.2.1.99.05,RADIAL LESTE,"R$ 0,00","R$ 0,00"
7944,2008-01,2.4.2.1.99.06,PROGRAMA DE DRENAGEM/MINISTÉRIO DA INTEGRAÇÃO NACIONAL,"R$ 0,00","R$ 0,00"
7956,2008-01,2.4.2.1.99.08,PROGRAMA MORAR MELHOR - CONTRATO N° 157896-38/2003 - MINISTÉRIO DAS CI,"R$ 0,00","R$ 0,00"
7968,2008-01,2.4.2.1.99.09,PROGRAMA BRASIL POTÊNCIA ESPORTIVA,"R$ 0,00","R$ 0,00"
7980,2008-01,2.4.2.1.99.11,MINISTÉRIO DO ESPORTE/CEF X SEME,"R$ 36.583,33","R$ 0,00"
7992,2008-01,2.4.2.1.99.12,PROGRAMA MORAR MELHOR,"R$ 589.955,92","R$ 0,00"
8004,2008-01,2.4.2.1.99.13,PROGRAMA DE REESTRUTURAÇÃO URBANA - SISTEMA VIÁRIO - MINISTÉRIO DAS CI,"R$ 0,00","R$ 0,00"
8016,2008-01,2.4.2.1.99.14,PROGRAMA MORAR NO CENTRO,"R$ 0,00","R$ 0,00"
8028,2008-01,2.4.2.1.99.15,PROGRAMA BAIRRO LEGAL,"R$ 250.000,00","R$ 0,00"
8040,2008-01,2.4.2.1.99.16,PROGRAMA MUTIRÃO/SEHAB,"R$ 0,00","R$ 0,00"
8052,2008-01,2.4.2.1.99.17,PMSP/ PAT- PRO SANEAR - MCIDADES/CEF - HABI,"R$ 0,00","R$ 339.526,98"
8064,2008-01,2.4.2.1.99.18,PMSP X MCIDADES/CEF - CONTRATO DE REPASSE N° 0174641-03/2005 - HABI,"R$ 6.618,08","R$ 0,00"
8076,2008-01,2.4.2.1.99.19,SEHAB - CT CEF / MIN. CIDADES (N.S.APARECIDA / VERGUEIRINHO),"R$ 1.416.666,67","R$ 0,00"
8088,2008-01,2.4.2.1.99.20,SEHAB-CT CEF/MIN.CID/PAC (HELIOPOLIS/PQ.FERNANDA/CID A,"R$ 20.166.666,67","R$ 0,00"
8100,2008-01,2.4.2.2.01.01,SECRETARIA DE ESTADO DA SAÚDE - SMS/FMS,"R$ 4.501.250,00","R$ 400.000,00"
8112,2008-01,2.4.2.2.99,OUTRAS TRANSFERÊNCIAS DOS ESTADOS,"R$ 3.333.333,33","R$ 0,00"
8124,2008-01,2.4.2.3.99.01,CONTRIBUIÇÕES DA PMSP,"R$ 0,00","R$ 0,00"
8136,2008-01,2.4.2.3.99.01,CONTRIBUIÇÕES DA PMSP,"R$ 0,00","R$ 0,00"
8148,2008-01,2.4.2.3.99.01,CONTRIBUIÇÕES DA PMSP,"R$ 0,00","R$ 0,00"
8160,2008-01,2.4.2.3.99.01,CONTRIBUIÇÕES DA PMSP,"R$ 0,00","R$ 0,00"
8172,2008-01,2.4.2.3.99.01,CONTRIBUIÇÕES DA PMSP,"R$ 0,00","R$ 0,00"
8184,2008-01,2.4.2.3.99.01,CONTRIBUIÇÕES DA PMSP,"R$ 0,00","R$ 0,00"
8196,2008-01,2.4.2.3.99.01,CONTRIBUIÇÕES DA PMSP,"R$ 0,00","R$ 0,00"
8208,2008-01,2.4.2.3.99.01,CONTRIBUIÇÕES DA PMSP,"R$ 0,00","R$ 0,00"
8220,2008-01,2.4.2.3.99.01,CONTRIBUIÇÕES DA PMSP,"R$ 0,00","R$ 0,00"
8232,2008-01,2.4.2.3.99.01,CONTRIBUIÇÕES DA PMSP,"R$ 0,00","R$ 0,00"
8244,2008-01,2.4.2.3.99.02,RECEITA CONDICIONADA,"R$ 0,00","R$ 0,00"
8256,2008-01,2.4.3.0.00.06,TRANSFERÊNCIAS DE INSTITUIÇÕES PRIVADAS - ADMINIST,"R$ 54.166,67","R$ 0,00"
8268,2008-01,2.4.3.0.01,PLANETÁRIO DO PARQUE DO IBIRAPUERA/NESTLÉ BRASILL LTDA.,"R$ 0,00","R$ 0,00"
8280,2008-01,2.4.3.0.02,PLANETÁRIO DO PARQUE DO IBIRAPUERA,"R$ 0,00","R$ 0,00"
8292,2008-01,2.4.3.0.03,REFORMA DA ESCOLA MUNICIPAL DE ASTROFÍSICA,"R$ 0,00","R$ 0,00"
8304,2008-01,2.4.3.0.04,PARCERIA PARA RECUPERAÇÃO DE AVENIDAS E RUAS COMERCIAIS,"R$ 0,00","R$ 0,00"
8316,2008-01,2.4.3.0.05,CONVÊNIO URBIS,"R$ 0,00","R$ 0,00"
8328,2008-01,2.4.4.0.02,PROGRAMA URB-AL - PROJETO COMUM R5-B2-04 - CENTROS DE CIDADANIA DA MUL,"R$ 0,00","R$ 0,00"
8340,2008-01,2.4.4.0.03,PROGRAMA URB-AL - PROJETO COMUM R3-B1-04 - OBSERVATÓRIOS LOCAIS DA DEM,"R$ 0,00","R$ 0,00"
8352,2008-01,2.4.4.0.04,PROGRAMA DE MELHORIA DE TRANSPORTE E QUALIDADE DO AR PARA SÃO PAULO -,"R$ 0,00","R$ 0,00"
8364,2008-01,2.4.4.0.05,PROGRAMA URB-AL - PROJETO COMUM R12 A1-04,"R$ 0,00","R$ 0,00"
8376,2008-01,2.4.4.0.06,"PROGRAMA URB-AL, REDE Nº. 10","R$ 8.993,42","R$ 2.750,20"
8388,2008-01,2.4.4.0.07,PROGRAMA ILE DE FRANCE,"R$ 405.532,50","R$ 0,00"
8400,2008-01,2.4.4.0.08,EVENTO INTERNACIONAL  URBAN - AGE,"R$ 0,00","R$ 0,00"
8412,2008-01,2.4.4.0.09,PORTAL DA ÁSIA - SMRI,"R$ 0,00","R$ 0,00"
8424,2008-01,2.4.4.0.10,PMSP X IDF/ BIRD,"R$ 0,00","R$ 0,00"
8436,2008-01,2.4.7.1.01.01,CONVÊNIO DST/AIDS/FMS,"R$ 0,00","R$ 0,00"
8448,2008-01,2.4.7.1.01.02,CONVÊNIO DENGUE/FMS,"R$ 0,00","R$ 0,00"
8460,2008-01,2.4.7.1.01.03,OUTROS CONVÊNIOS SMS/FMS,"R$ 3.946.083,33","R$ 0,00"
8472,2008-01,2.4.7.1.01.04,CEUS SAÚDE,"R$ 0,00","R$ 0,00"
8484,2008-01,2.4.7.1.01.05,HOSPITAL M BOI MIRIM,"R$ 0,00","R$ 0,00"
8496,2008-01,2.4.7.1.01.06,HOSPITAL CIDADE TIRADENTES,"R$ 0,00","R$ 0,00"
8508,2008-01,2.4.7.1.02.01,CONVÊNIO MEC/FNDE - ASSISTÊNCIA FINANCEIRA A PROGRAMAS E PROJETOS EDUC,"R$ 8.333,33","R$ 0,00"
8520,2008-01,2.4.7.1.02.02,CONVÊNIO N° 800072/03 - FNDE/MEC - EDUCAÇÃO PRÉ-ESCOLAR,"R$ 0,00","R$ 0,00"
8532,2008-01,2.4.7.1.02.03,CONVÊNIO N° 804142/03 - FNDE/MEC - ENSINO FUNDAMENTAL,"R$ 0,00","R$ 0,00"
8544,2008-01,2.4.7.1.02.04,CONVÊNIO Nº 808065/03 - FNDE/MEC - EDUCAÇÃO DE JOVENS E ADULTOS,"R$ 0,00","R$ 0,00"
8556,2008-01,2.4.7.1.02.05,CONVÊNIO N° 816169/2003 - FNDE/MEC - EDUCAÇÃO ESPECIAL/CURSO DE CAPACI,"R$ 0,00","R$ 0,00"
8568,2008-01,2.4.7.1.02.06,CONVÊNIO N° 820005/2003 - FNDE/MEC - ENSINO FUNDAMENTAL/FORMAÇÃO CONTI,"R$ 0,00","R$ 0,00"
8580,2008-01,2.4.7.1.02.07,CONVÊNIO N° 828118/2003 - FNDE/MEC - CURSO DE ALFABETIZAÇÃO DE JOVENS,"R$ 0,00","R$ 0,00"
8592,2008-01,2.4.7.1.02.08,CENTRO MUNICIPAL DE EDUCAÇÃO TECNOLÓGICA - CONVÊNIO MEC/CEFET-SP,"R$ 0,00","R$ 0,00"
8604,2008-01,2.4.7.1.04.01,PMSP-SVMA-PARQUE NATURAL MUNICIPAL DA CRATERA DE COLONIA/CONVÊNIO FURN,"R$ 0,00","R$ 0,00"
8616,2008-01,2.4.7.1.05.01,CONVÊNIO DE TRANSPORTES - FUNCOR,"R$ 6.250.000,00","R$ 0,00"
8628,2008-01,2.4.7.1.05.02,CONVÊNIO JACU - PÊSSEGO,"R$ 8.333.333,33","R$ 0,00"
8640,2008-01,2.4.7.1.05.03,TERMINAL DE CARGAS FERNÃO DIAS/MT-DNIT/SP-MG,"R$ 98.434,50","R$ 0,00"
8652,2008-01,2.4.7.1.99.01,CONVÊNIO SECRETARIA NACIONAL DE SEGURANÇA PÚBLICA - SENASP Nº 165/01,"R$ 0,00","R$ 0,00"
8664,2008-01,2.4.7.1.99.03,CONVÊNIO MINISTÉRIO DE INTEGRAÇÃO NACIONAL,"R$ 0,00","R$ 0,00"
8676,2008-01,2.4.7.1.99.05,PROGRAMA DE MODERNIZAÇÃO DO SISTEMA DE CONTROLE EXTERNO DOS ESTADOS E,"R$ 125.000,00","R$ 0,00"
8688,2008-01,2.4.7.1.99.07,CONVÊNIO SECRETARIA NACIONAL DE SEGURANÇA PÚBLICA - SENASP,"R$ 1.309.375,67","R$ 1.988.131,25"
8700,2008-01,2.4.7.1.99.08,PROGRAMA REDE SOLIDÁRIA DE RESTAURANTES POPULARES - PMSP/SEMAB/MDS,"R$ 0,00","R$ 0,00"
8712,2008-01,2.4.7.1.99.09,PROGRAMA BANCO MUNICIPAL DE ALIMENTOS - PMSP/SEMAB/MDS,"R$ 0,00","R$ 0,00"
8724,2008-01,2.4.7.1.99.10,PMSP/SDTS - PLANSINE - FAT,"R$ 0,00","R$ 0,00"
8736,2008-01,2.4.7.1.99.11,CONVÊNIOS MINC/SMC,"R$ 451.524,25","R$ 0,00"
8748,2008-01,2.4.7.1.99.12,CONVÊNIO SEME - UNIÂO,"R$ 308.333,33","R$ 0,00"
8760,2008-01,2.4.7.1.99.13,CONVÊNIO SEPED - UNIÃO,"R$ 0,00","R$ 0,00"
8772,2008-01,2.4.7.1.99.14,CONVÊNIO SVMA - UNIÃO,"R$ 0,00","R$ 0,00"
8784,2008-01,2.4.7.1.99.15,CONVÊNIO PMSP/ SMPP X UNIÃO,"R$ 8.333,33","R$ 0,00"
8796,2008-01,2.4.7.1.99.16,CONVÊNIO MTE/SPPE/CODEFAT,"R$ 186.204,00","R$ 0,00"
8808,2008-01,2.4.7.1.99.17,PROJETO CASA BRASIL/CNPQ - SP-MB,"R$ 0,00","R$ 0,00"
8820,2008-01,2.4.7.1.99.18,HOSPITAL SENTINELA,"R$ 111.111,08","R$ 0,00"
8832,2008-01,2.4.7.1.99.18,HOSPITAL SENTINELA,"R$ 111.111,08","R$ 0,00"
8844,2008-01,2.4.7.1.99.19,CONVÊNIO MINISTÉRIO DO TURISMO - MARCA DA CIDADE DE SÃO PAULO,"R$ 0,00","R$ 0,00"
8856,2008-01,2.4.7.2.03.01,CONVÊNIO SEHAB X ESTADO,"R$ 0,00","R$ 0,00"
8868,2008-01,2.4.7.2.05.01,CONVÊNIO DE TRANSPORTES - FUNCOR,"R$ 9.416.666,67","R$ 0,00"
8880,2008-01,2.4.7.2.05.02,CONVÊNIO JACU - PÊSSEGO,"R$ 0,00","R$ 0,00"
8892,2008-01,2.4.7.2.99.01,CONVÊNIO SEPED - ESTADO,"R$ 0,00","R$ 0,00"
8904,2008-01,2.4.7.2.99.02,CONVÊNIO SIURB - ESTADO,"R$ 0,00","R$ 0,00"
8916,2008-01,2.4.7.2.99.03,CONVÊNIO CITY JARAGUÁ,"R$ 0,00","R$ 0,00"
8928,2008-01,2.4.7.2.99.04,CONVÊNIO SSP/SP - SGM/CSU,"R$ 291.666,67","R$ 0,00"
8940,2008-01,2.4.7.2.99.05,CONVÊNIO CDHU X SEHAB,"R$ 11.964.270,00","R$ 18.871.054,45"
8952,2008-01,2.4.7.2.99.06,CONVÊNIO SEME - ESTADO,"R$ 83.333,33","R$ 0,00"
8964,2008-01,2.4.7.2.99.07,CT / CEF / SEHAB / MIN. CIDADES / PAC ESTADUAL / MANANCIAIS LOTES I A,"R$ 10.416.666,67","R$ 0,00"
8976,2008-01,2.4.7.2.99.10,CONVÊNIO SEHAB X ESTADO,"R$ 1.666.666,67","R$ 0,00"
8988,2008-01,2.4.7.3.99.01,TERMINAL DE CARGAS FERNÃO DIAS / PREFEITURA DE GUARULHOS / SP - MG,"R$ 1.547,50","R$ 0,00"
9000,2008-01,2.4.7.3.99.02,CONVÊNIO SIURB X EMURB,"R$ 0,00","R$ 0,00"
9012,2008-01,2.4.7.5.01,CONVÊNIO SMADS - UNIÃO EUROPÉIA,"R$ 391.211,00","R$ 0,00"
9024,2008-01,2.4.7.5.02,CONVÊNIO SEME - EXTERIOR,"R$ 333.333,33","R$ 0,00"
9036,2008-01,2.4.7.5.03,PROGRAMA URB - AL,"R$ 0,00","R$ 0,00"
9048,2008-01,2.4.7.5.04,CONVÊNIO SMPP - EXTERIOR,"R$ 6.758,33","R$ 0,00"
9060,2008-01,2.4.7.5.05,CONVÊNIO SMT - EXTERIOR,"R$ 0,00","R$ 0,00"
9072,2008-01,2.4.7.5.06,CONVÊNIO SMC -  EXTERIOR,"R$ 0,00","R$ 0,00"
9084,2008-01,2.5.6.0.01.01,RESTITUIÇÕES DIVERSAS,"R$ 0,00","R$ 76.432,54"
9096,2008-01,2.5.9.0.01.01,P M S P,"R$ 27.312,17","R$ 0,00"
9108,2008-01,2.5.9.0.01.02,F U M C A D,"R$ 1.250.958,33","R$ 0,00"
9120,2008-01,2.5.9.0.01.03,F U M D E S,"R$ 0,00","R$ 0,00"
9132,2008-01,2.5.9.0.01.04,OPERAÇÃO URBANA FARIA LIMA,"R$ 0,00","R$ 0,00"
9144,2008-01,2.5.9.0.01.06,OPERAÇÕES URBANA ANHANGABAÚ,"R$ 0,00","R$ 0,00"
9156,2008-01,2.5.9.0.01.07,PROGRAMA DE URBANIZAÇÃO E VERTICALIZAÇÃO EM FAVELAS - PROVER - CINGAPU,"R$ 0,00","R$ 0,00"
9168,2008-01,2.5.9.0.01.08,FUNDO ESPECIAL OPERAÇÃO URBANA  ÁGUA BRANCA - FEAB,"R$ 0,00","R$ 0,00"
9180,2008-01,2.5.9.0.01.09,PROGRAMA DE RECUPERAÇÃO URBANA E SANEAMENTO AMBIENTAL DA BACIA DO GUAR,"R$ 0,00","R$ 0,00"
9192,2008-01,2.5.9.0.01.10,REASSENTAMENTO DE FAMÍLIAS - PROGRAMA PROCAV II,"R$ 0,00","R$ 0,00"
9204,2008-01,2.5.9.0.01.11,FEHIDRO - VIZINHANÇA VERDE,"R$ 0,00","R$ 0,00"
9216,2008-01,2.5.9.0.01.12,FUNDO DE DESENVOLVIMENTO URBANO - FUNDURB,"R$ 0,00","R$ 0,00"
9228,2008-01,2.5.9.0.01.13,OUTORGA ONEROSA - PLANO DIRETOR,"R$ 20.833.333,33","R$ 10.843.850,87"
9240,2008-01,2.5.9.0.01.14,SERVIÇO FUNERÁRIO DO MUNICIPIO DE SÃO PAULO,"R$ 53.166,42","R$ 613.563,42"
9252,2008-01,2.5.9.0.01.15,PRECATÓRIOS,"R$ 6.067.946,75","R$ 68.777.184,22"
9264,2008-01,2.5.9.0.01.16,FUNDO ESPECIAL DE DESPESAS DA CÂMARA MUNICIPAL DE SÃO PAULO,"R$ 0,00","R$ 0,00"
9276,2008-01,2.5.9.0.01.18,PMSP/SEMAB - TORRES DO MERCADO CENTRAL,"R$ 0,00","R$ 0,00"
9288,2008-01,2.5.9.0.01.19,FUNPATRI,"R$ 62.633,33","R$ 0,00"
9300,2008-01,2.5.9.0.01.20,FEMA - CRÉDITO DE CARBONO,"R$ 4.583.333,33","R$ 0,00"
9312,2008-01,2.5.9.0.01.21,CONSTRUÇÃO BIBLIOTECA DE ITAQUERA/SAVOY,"R$ 75.000,00","R$ 0,00"
9324,2008-01,2.5.9.0.01.21,CONSTRUÇÃO BIBLIOTECA DE ITAQUERA/SAVOY,"R$ 75.000,00","R$ 0,00"
9336,2008-01,2.5.9.0.01.24,OPERAÇÃO URBANA ÁGUA ESPRAIADA,"R$ 0,00","R$ 0,00"
9348,2008-01,2.5.9.0.01.40,IPREM - INSTITUTO DE PREVIDÊNCIA MUNICIPAL DE SÃO,"R$ 16.766,67","R$ 0,00"
9360,2008-01,2.5.9.0.01.40,IPREM - INSTITUTO DE PREVIDÊNCIA MUNICIPAL DE SÃO,"R$ 0,00","R$ 0,00"
9372,2008-01,2.5.9.0.01.40,IPREM - INSTITUTO DE PREVIDÊNCIA MUNICIPAL DE SÃO,"R$ 0,00","R$ 0,00"
9384,2008-01,2.5.9.0.01.40,IPREM - INSTITUTO DE PREVIDÊNCIA MUNICIPAL DE SÃO,"R$ 0,00","R$ 1.143,10"
9396,2008-01,2.5.9.0.01.40,IPREM - INSTITUTO DE PREVIDÊNCIA MUNICIPAL DE SÃO,"R$ 0,00","R$ 1.194,27"
9408,2008-01,2.5.9.0.01,RESERVA PARA SALDOS RESIDUAIS - LEI 3979/50,"R$ 0,00","R$ 0,00"
9420,2008-01,2.5.9.0.01,RESERVA PARA SALDOS RESIDUAIS - LEI 3979/50,"R$ 0,00","R$ 0,00"
9432,2008-01,2.5.9.0.01,RESERVA PARA SALDOS RESIDUAIS - LEI 3979/50,"R$ 0,00","R$ 0,00"
9444,2008-01,7.2.1.0.01.01,PMSP - INTRA-ORÇAMENTÁRIA,"R$ 0,00","R$ 0,00"
9456,2008-01,7.2.1.0.01.02,CÂMARA MUNICIPAL - INTRA-ORÇAMENTÁRIA,"R$ 0,00","R$ 0,00"
9468,2008-01,7.2.1.0.01.03,TRIBUNAL DE CONTAS DO MUNICÍPIO - INTRA-ORÇAMENTÁRIA,"R$ 0,00","R$ 0,00"
9480,2008-01,7.2.1.0.01.04,IPREM - INTRA-ORÇAMENTÁRIA,"R$ 0,00","R$ 0,00"
9492,2008-01,7.2.1.0.01.06,SERVIÇOS FUNERÁRIO DE SÃO PAULO - INTRA-ORÇAMENTÁRIA,"R$ 0,00","R$ 0,00"
9504,2008-01,7.2.1.0.01.07,CONTRIBUIÇÃO PESSOAL HSPM/CLT - INTRA-ORÇAMENTÁRIA,"R$ 0,00","R$ 0,00"
9516,2008-01,7.2.1.0.29.01,CONTRIBUIÇÕES PREVIDENCIÁRIAS INTRA ORÇAMENTÁRIA,"R$ 69.841.693,17","R$ 0,00"
9528,2008-01,7.2.1.0.29.01,CONTRIBUIÇÕES PREVIDENCIÁRIAS INTRA ORÇAMENTÁRIA,"R$ 0,00","R$ 59.789.617,48"
9540,2008-01,7.2.1.0.29.01,CONTRIBUIÇÕES PREVIDENCIÁRIAS INTRA ORÇAMENTÁRIA,"R$ 0,00","R$ 91.169,56"
9552,2008-01,7.2.1.0.29.01,CONTRIBUIÇÕES PREVIDENCIÁRIAS INTRA ORÇAMENTÁRIA,"R$ 0,00","R$ 362.545,12"
9564,2008-01,7.2.1.0.29.01,CONTRIBUIÇÕES PREVIDENCIÁRIAS INTRA ORÇAMENTÁRIA,"R$ 0,00","R$ 19.828,17"
9576,2008-01,7.2.1.0.29.01,CONTRIBUIÇÕES PREVIDENCIÁRIAS INTRA ORÇAMENTÁRIA,"R$ 0,00","R$ 0,00"
9588,2008-01,7.2.1.0.29.01,CONTRIBUIÇÕES PREVIDENCIÁRIAS INTRA ORÇAMENTÁRIA,"R$ 0,00","R$ 70.052,16"
9600,2008-01,7.2.1.0.29.01,CONTRIBUIÇÕES PREVIDENCIÁRIAS INTRA ORÇAMENTÁRIA,"R$ 0,00","R$ 85.315,20"
9612,2008-01,7.2.1.0.29.01,CONTRIBUIÇÕES PREVIDENCIÁRIAS INTRA ORÇAMENTÁRIA,"R$ 0,00","R$ 64.544,60"
9624,2008-01,7.2.1.0.29.01,CONTRIBUIÇÕES PREVIDENCIÁRIAS INTRA ORÇAMENTÁRIA,"R$ 0,00","R$ 457.840,24"
9636,2008-01,7.2.1.0.29.01,CONTRIBUIÇÕES PREVIDENCIÁRIAS INTRA ORÇAMENTÁRIA,"R$ 0,00","R$ 930.752,26"
9648,2008-01,7.2.1.0.29.01,CONTRIBUIÇÕES PREVIDENCIÁRIAS INTRA ORÇAMENTÁRIA,"R$ 0,00","R$ 707.541,88"
9660,2008-01,7.2.1.0.29.03,CONTRIBUIÇÕES PATRONAIS - INATIVO CIVIL,"R$ 0,00","R$ 0,00"
9672,2008-01,7.2.1.0.29.05,CONTRIBUIÇÕES PATRONAIS - PENSIONISTA CIVIL,"R$ 0,00","R$ 0,00"
9684,2008-01,7.2.1.0.29.09,CONTRIBUIÇÃO PATRONAL DO EXERCÍCIO ANTERIOR,"R$ 0,00","R$ 0,00"
9696,2008-01,7.2.1.0.29.13,CONTRIBUIÇÃO PREVIDENCIÁRIA PARA AMORTIZAÇÃO DEFICIT ATUARIAL,"R$ 0,00","R$ 0,00"
9708,2008-01,7.2.1.0.29.15,CONTRIBUIÇÃO PREVIDENCIÁRIA REGIME DE PARCELAMENTO DE DÉBITO,"R$ 0,00","R$ 0,00"
9720,2008-01,7.3.1.1,ALUGUÉIS,"R$ 0,00","R$ 0,00"
9732,2008-01,7.3.2.5.01.03,RECEITA DE REMUNERAÇÃO DE DEPÓSITOS BANCÁRIOS DE R,"R$ 0,00","R$ 0,00"
9744,2008-01,7.3.2.5.01.03,RECEITA DE REMUNERAÇÃO DE DEPÓSITOS BANCÁRIOS DE R,"R$ 0,00","R$ 0,00"
9756,2008-01,7.3.2.5.01.03,RECEITA DE REMUNERAÇÃO DE DEPÓSITOS BANCÁRIOS DE R,"R$ 0,00","R$ 0,00"
9768,2008-01,7.3.2.5.01.03,RECEITA DE REMUNERAÇÃO DE DEPÓSITOS BANCÁRIOS DE R,"R$ 0,00","R$ 0,00"
9780,2008-01,7.3.2.5.01.03,RECEITA DE REMUNERAÇÃO DE DEPÓSITOS BANCÁRIOS DE R,"R$ 0,00","R$ 0,00"
9792,2008-01,7.3.2.5.01.06,RECEITA DE REMUNERAÇÃO DE DEPÓSITOS BANCÁRIOS DE R,"R$ 0,00","R$ 0,00"
9804,2008-01,7.3.2.5.01.06,RECEITA DE REMUNERAÇÃO DE DEPÓSITOS BANCÁRIOS DE R,"R$ 0,00","R$ 0,00"
9816,2008-01,7.3.2.5.01.06,RECEITA DE REMUNERAÇÃO DE DEPÓSITOS BANCÁRIOS DE R,"R$ 0,00","R$ 0,00"
9828,2008-01,7.3.2.5.01.06,RECEITA DE REMUNERAÇÃO DE DEPÓSITOS BANCÁRIOS DE R,"R$ 0,00","R$ 0,00"
9840,2008-01,7.3.2.5.01.06,RECEITA DE REMUNERAÇÃO DE DEPÓSITOS BANCÁRIOS DE R,"R$ 0,00","R$ 0,00"
9852,2008-01,7.6.0.0.99.03,COMERCIALIZAÇÃO DE URNAS E CAIXÕES - INTRA-ORÇAMENTÁRIA,"R$ 0,00","R$ 0,00"
9864,2008-01,7.6.0.0.99.04,COMERCIALIZAÇÃO DE URNAS PARA CINZAS DE MADEIRA E COBRE - INTRA-ORÇAME,"R$ 0,00","R$ 0,00"
9876,2008-01,7.6.0.0.99.07,SEPULTAMENTO - INTRA-ORÇAMENTÁRIA,"R$ 0,00","R$ 0,00"
9888,2008-01,7.7.2.3.99.01,CONTRIBUIÇÕES DA PMSP - INTRA-ORÇAMENTÁRIA,"R$ 0,00","R$ 0,00"
9900,2008-01,7.7.2.3.99.01,CONTRIBUIÇÕES DA PMSP - INTRA-ORÇAMENTÁRIA,"R$ 0,00","R$ 0,00"
9912,2008-01,7.7.2.3.99.01,CONTRIBUIÇÕES DA PMSP - INTRA-ORÇAMENTÁRIA,"R$ 0,00","R$ 0,00"
9924,2008-01,7.7.2.3.99.01,CONTRIBUIÇÕES DA PMSP - INTRA-ORÇAMENTÁRIA,"R$ 0,00","R$ 0,00"
9936,2008-01,7.7.2.3.99.01,CONTRIBUIÇÕES DA PMSP - INTRA-ORÇAMENTÁRIA,"R$ 0,00","R$ 0,00"
9948,2008-01,7.7.2.3.99.01,CONTRIBUIÇÕES DA PMSP - INTRA-ORÇAMENTÁRIA,"R$ 0,00","R$ 0,00"
9960,2008-01,7.7.2.3.99.01,CONTRIBUIÇÕES DA PMSP - INTRA-ORÇAMENTÁRIA,"R$ 0,00","R$ 0,00"
9972,2008-01,7.7.2.3.99.01,CONTRIBUIÇÕES DA PMSP - INTRA-ORÇAMENTÁRIA,"R$ 0,00","R$ 0,00"
9984,2008-01,7.7.2.3.99.01,CONTRIBUIÇÕES DA PMSP - INTRA-ORÇAMENTÁRIA,"R$ 0,00","R$ 0,00"
9996,2008-01,7.7.2.3.99.01,CONTRIBUIÇÕES DA PMSP - INTRA-ORÇAMENTÁRIA,"R$ 0,00","R$ 0,00"
10008,2008-01,7.9.2.2.99.01,RESTITUIÇÕES DIVERSAS - INTRA-ORÇAMENTÁRIA,"R$ 0,00","R$ 0,00"
10020,2008-01,7.9.2.2.99.01,RESTITUIÇÕES DIVERSAS - INTRA-ORÇAMENTÁRIA,"R$ 0,00","R$ 0,00"
10032,2008-01,7.9.2.2.99.01,RESTITUIÇÕES DIVERSAS - INTRA-ORÇAMENTÁRIA,"R$ 0,00","R$ 0,00"
10044,2008-01,7.9.2.2.99.01,RESTITUIÇÕES DIVERSAS - INTRA-ORÇAMENTÁRIA,"R$ 0,00","R$ 0,00"
10056,2008-01,7.9.2.2.99.01,RESTITUIÇÕES DIVERSAS - INTRA-ORÇAMENTÁRIA,"R$ 0,00","R$ 0,00"
10068,2008-01,7.9.2.2.99.01,RESTITUIÇÕES DIVERSAS - INTRA-ORÇAMENTÁRIA,"R$ 0,00","R$ 0,00"
10080,2008-01,8.4.2.3.99.01,CONTRIBUIÇÕES DA PMSP - INTRA-ORÇAMENTÁRIA,"R$ 0,00","R$ 0,00"
10092,2008-01,8.4.2.3.99.01,CONTRIBUIÇÕES DA PMSP - INTRA-ORÇAMENTÁRIA,"R$ 0,00","R$ 0,00"
10104,2008-01,8.4.2.3.99.01,CONTRIBUIÇÕES DA PMSP - INTRA-ORÇAMENTÁRIA,"R$ 0,00","R$ 0,00"
10116,2008-01,8.4.2.3.99.01,CONTRIBUIÇÕES DA PMSP - INTRA-ORÇAMENTÁRIA,"R$ 0,00","R$ 0,00"
10128,2008-01,8.4.2.3.99.01,CONTRIBUIÇÕES DA PMSP - INTRA-ORÇAMENTÁRIA,"R$ 0,00","R$ 0,00"
10140,2008-01,8.4.2.3.99.01,CONTRIBUIÇÕES DA PMSP - INTRA-ORÇAMENTÁRIA,"R$ 0,00","R$ 0,00"
10152,2008-01,8.4.2.3.99.01,CONTRIBUIÇÕES DA PMSP - INTRA-ORÇAMENTÁRIA,"R$ 0,00","R$ 0,00"
10164,2008-01,8.4.2.3.99.01,CONTRIBUIÇÕES DA PMSP - INTRA-ORÇAMENTÁRIA,"R$ 0,00","R$ 0,00"
10176,2008-01,8.4.2.3.99.01,CONTRIBUIÇÕES DA PMSP - INTRA-ORÇAMENTÁRIA,"R$ 0,00","R$ 0,00"
10188,2008-01,8.4.2.3.99.01,CONTRIBUIÇÕES DA PMSP - INTRA-ORÇAMENTÁRIA,"R$ 0,00","R$ 0,00"
10200,2008-01,9.1.1.2.02.01,DEDUÇÕES DO IMPOSTO S/ A PROPRIEDADE PREDIAL,"R$ 0,00","R$ 0,00"
10212,2008-01,9.1.1.2.02.02,DEDUÇÕES DO IMPOSTO S/ A PROPRIEDADE TERRITORIAL URBANA,"R$ 0,00","R$ 0,00"
10224,2008-01,9.1.1.2.04.31,DEDUÇÕES DO IMPOSTO DE RENDA RETIDO NAS FONTES S/ OS RENDIMENTOS DO TR,"R$ 0,00","R$ 0,00"
10236,2008-01,9.1.1.2.04.33,DEDUÇÕES DO IMPOSTO DE RENDA RETIDO NAS FONTES S/ REMESSA DE RECURSOS,"R$ 0,00","R$ 0,00"
10248,2008-01,9.1.1.2.04.34,DEDUÇÕES DO IMPOSTO DE RENDA RETIDO NAS FONTES S/ OUTROS RENDIMENTOS,"R$ 0,00","R$ 0,00"
10260,2008-01,9.1.1.2.08.01,DEDUÇÕES DO IMPOSTO S/ TRANSMISSÃO  INTER-VIVOS  DE BENS IMÓVEIS E DE,"R$ 0,00","-R$ 3.265,78"
10272,2008-01,9.1.1.3.05.01,DEDUÇÕES DO ISS,"R$ 0,00","-R$ 265.936,47"
10284,2008-01,9.1.1.3.05.02,DEDUÇÕES DO ISS - SISTEMA INTEGRADO - SIMPLES,"R$ 0,00","R$ 0,00"
10296,2008-01,9.1.1.3.05.03,DEDUÇÕES DO ISS - CMSP,"R$ 0,00","R$ 0,00"
10308,2008-01,9.1.1.3.07,DEDUÇÕES DO IMPOSTO S/ A VENDA A VAREJO DE COMBUSTÍVEIS LÍQUIDOS E GAS,"R$ 0,00","R$ 0,00"
10320,2008-01,9.1.2.1.25.01,"DEDUÇÕES DA TAXA DE LICENÇA P/LOCALIZAÇÃO, INSTALAÇÃO E FUNCIONAMENTO","R$ 0,00","R$ 0,00"
10332,2008-01,9.1.2.1.25.02,DEDUÇÕES DA TAXA DE VISTORIA DE NORMAS DE SEGURANÇA,"R$ 0,00","R$ 0,00"
10344,2008-01,9.1.2.1.25.03,DEDUÇÕES DA TAXA DE FISCALIZAÇÃO DE ESTABELECIMENTOS - TFE,"R$ 0,00","R$ 0,00"
10356,2008-01,9.1.2.1.26.01,DEDUÇÕES DA TAXA DE FISCALIZAÇÃO DE ANÚNCIOS,"R$ 0,00","R$ 0,00"
10368,2008-01,9.1.2.1.32.01,DEDUÇÕES DA TAXA P/ EXAME E VERIFICAÇÃO DE PROJETOS E CONSTRUÇÕES,"R$ 0,00","R$ 0,00"
10380,2008-01,9.1.2.1.34.01,DEDUÇÕES DA TAXA DE VISTORIA DE APARELHOS DE TRANSPORTE VERTICAL E HOR,"R$ 0,00","R$ 0,00"
10392,2008-01,9.1.2.1.99.01,DEDUÇÕES DA TAXA DE LICENÇA P/ TRÁFEGO DE VEÍCULOS,"R$ 0,00","R$ 0,00"
10404,2008-01,9.1.2.1.99.02,DEDUÇÕES DA TAXA DE LICENÇA P/ ARRUAMENTOS E LOTEAMENTOS,"R$ 0,00","R$ 0,00"
10416,2008-01,9.1.2.1.99.03,DEDUÇÕES DA TAXA DE FISCALIZAÇÃO DOS SERVIÇOS DE LIMPEZA URBANA - FISL,"R$ 0,00","R$ 0,00"
10428,2008-01,9.1.2.1.99.04,DEDUÇÕES DA TAXA DE REMOÇÃO - CET,"R$ 0,00","R$ 0,00"
10440,2008-01,9.1.2.2.90.01,DEDUÇÕES DA TAXA DE LIMPEZA PÚBLICA,"R$ 0,00","R$ 0,00"
10452,2008-01,9.1.2.2.90.02,DEDUÇÕES DA TAXA DE RESÍDUOS SÓLIDOS DOMICILARES - TRSD,"R$ 0,00","R$ 0,00"
10464,2008-01,9.1.2.2.90.03,DEDUÇÕES DA TAXA DE RESÍDUOS SÓLIDOS DE SERVIÇOS DE SAÚDE - TRSS,"R$ 0,00","R$ 0,00"
10476,2008-01,9.1.2.2.99.01,DEDUÇÕES DA TAXA DE CONSERVAÇÃO DE VIAS E LOGRADOUROS PÚBLICOS,"R$ 0,00","R$ 0,00"
10488,2008-01,9.1.2.2.99.02,DEDUÇÕES DA TAXA DE ESTUDOS P/ FIXAÇÃO DE DIRETRIZES,"R$ 0,00","R$ 0,00"
10500,2008-01,9.1.2.2.99.03,DEDUÇÕES DA TAXA DE COMBATE A SINISTROS,"R$ 0,00","R$ 0,00"
10512,2008-01,9.1.3.0.00.01,DEDUÇÕES DA CONTRIBUIÇÃO DE MELHORIA,"R$ 0,00","R$ 0,00"
10524,2008-01,9.1.5,DEDUÇÕES DAS RECEITAS A CLASSIFICAR - DAMSP,"R$ 0,00","R$ 0,00"
10536,2008-01,9.2.2.0.29,DEDUÇÕES DA CONTRIBUIÇÃO P/ O CUSTEIO DO SERVIÇO D,"R$ 0,00","R$ 0,00"
10548,2008-01,9.3.2.5.01.03,DEDUÇÕES DA RECEITA DE REMUNERAÇÃO DE DEPÓSITOS BANCÁRIOS DE RECURSOS,"R$ 0,00","R$ 0,00"
10560,2008-01,9.3.2.6.00.02,DEDUÇÃO DO CONVÊNIO PMSP/SDTS - PLANTEQ/2004 - FAT,"R$ 0,00","R$ 0,00"
10572,2008-01,9.3.2.6.00.03,DEDUÇÕES DO CONVÊNIO MTE/SPPE/CODEFAT,"R$ 0,00","R$ 0,00"
10584,2008-01,9.3.2.9.01.01,DEDUÇÕES PMSP,"R$ 0,00","-R$ 5.608,42"
10596,2008-01,9.3.2.9.01.06,DEDUÇÕES DAS OPERAÇÕES INTERLIGADAS,"R$ 0,00","R$ 0,00"
10608,2008-01,9.3.2.9.01.10,DEDUÇÕES DO PROGRAMA NACIONAL DE ALIMENTAÇÃO ESCOLAR - PNAE/FNDE,"R$ 0,00","R$ 0,00"
10620,2008-01,9.3.2.9.01.16,DEDUÇÕES DOS PROJETOS MUNICIPAIS DE EXPANSÃO DA SAÚDE DA FAMÍLIA - PRO,"R$ 0,00","R$ 0,00"
10632,2008-01,9.3.2.9.01.36,DEDUÇÕES DA PROTEÇÃO SOCIAL BÁSICA/FMAS,"R$ 0,00","R$ 0,00"
10644,2008-01,9.3.2.9.01.37,DEDUÇÕES DA PROTEÇÃO SOCIAL ESPECIAL/FMAS,"R$ 0,00","R$ 0,00"
10656,2008-01,9.3.2.9.01.41,DEDUÇÕES DA PMSP/ SAS/ FMAS,"R$ 0,00","R$ 0,00"
10668,2008-01,9.3.2.9.01.42,DEDUÇÕES DO CONVÊNIO MEC/FNDE - ASSISTÊNCIA FINANCEIRA A PROGRAMAS E P,"R$ 0,00","R$ 0,00"
10680,2008-01,9.3.2.9.01.43,DEDUÇÃO RADIAL LESTE,"R$ 0,00","R$ 0,00"
10692,2008-01,9.3.2.9.01.50,DEDUÇÕES DA SECRETARIA DE ESTADO DA SAÚDE - SMS/FMS,"R$ 0,00","R$ 0,00"
10704,2008-01,9.3.2.9.01.58,DEDUÇÕES DO FMAS - FUNDO MUNICIPAL DE ASSISTÊNCIA SOCIAL,"R$ 0,00","R$ 0,00"
10716,2008-01,9.3.2.9.01.68,DEDUÇÕES DO CONVÊNIO MTE/SPPE X PMSP/SMTRAB -  PRO,"R$ 0,00","R$ 0,00"
10728,2008-01,9.3.2.9.01.79,DEDUÇÕES DO CONVÊNIO SME X ESTADO,"R$ 0,00","R$ 0,00"
10740,2008-01,9.3.3.9.99.02,"DEDUÇÕES DAS RENDAS DE MERCADOS, FEIRAS E FRIGORIFICOS (ANT.MAT.) - SI","R$ 0,00","R$ 0,00"
10752,2008-01,9.3.9.0.01.01,DEDUÇÕES DE REMUNERAÇÕES DIVERSAS,"R$ 0,00","R$ 0,00"
10764,2008-01,9.6.0.0.13.08,DEDUÇÕES DE SERVIÇOS DE EXPEDIENTES,"R$ 0,00","R$ 0,00"
10776,2008-01,9.6.0.0.13.12,DEDUÇÕES DE REMOÇÃO E ESTADIA - DSV,"R$ 0,00","R$ 0,00"
10788,2008-01,9.6.0.0.13.14,DEDUÇÕES DE AUTUAÇÃO DE PROCESSOS - G. A. 99-T,"R$ 0,00","R$ 0,00"
10800,2008-01,9.6.0.0.13.18,DEDUÇÕES DE SERVIÇOS DE TRANSPORTE DO DTP,"R$ 0,00","R$ 0,00"
10812,2008-01,9.6.0.0.13.20,DEDUÇÕES DO TERMO DE PERMISSÃO DE USO - TPU,"R$ 0,00","R$ 0,00"
10824,2008-01,9.6.0.0.13.24,DEDUÇÕES DE PANFLETAGEM - PROGRAMAS SOCIAIS - PMSP,"R$ 0,00","R$ 0,00"
10836,2008-01,9.6.0.0.43.01,DEDUÇÕES DA COLETA DE RESÍDUOS SÓLIDOS - SAÚDE - LIMPURB,"R$ 0,00","R$ 0,00"
10848,2008-01,9.7.2.1.01.02,DEDUÇÃO DE RECEITA DO FPM - FUNDEB E REDUTOR FINANCEIRO (CORRESP. 1721,"-R$ 1.943.743,75","-R$ 1.915.768,73"
10860,2008-01,9.7.2.1.01.05,DEDUÇÃO DE RECEITA PARA A FORMAÇÃO DO FUNDEB - ITR (CORRESP. 1721.01.0,"-R$ 7.553,67","-R$ 4.992,38"
10872,2008-01,9.7.2.1.36,DEDUÇÃO DE RECEITA PARA FORMAÇÃO DO FUNDEB - ICMS DESONERAÇÃO - LEI CO,"-R$ 594.755,25","R$ 0,00"
10884,2008-01,9.7.2.2.01.01,DEDUÇÃO DE RECEITA PARA A FORMAÇÃO DO FUNDEB - ICMS (CORRESP. 1722.01.,"-R$ 63.284.325,00","-R$ 56.048.082,10"
10896,2008-01,9.7.2.2.01.02,DEDUÇÃO DE RECEITA PARA A FORMAÇÃO DO FUNDEB - IPVA (CORRESP. 1722.01.,"-R$ 17.273.458,33","-R$ 77.722.028,13"
10908,2008-01,9.7.2.2.01.04,DEDUÇÃO DE RECEITA PARA A FORMAÇÃO DO FUNDEB - IPI - EXPORTAÇÃO (CORRE,"-R$ 589.615,00","-R$ 246.832,84"
10920,2008-01,9.7.6.1.03.01,DEDUÇÕES PMSP/SAS/FMAS,"R$ 0,00","R$ 0,00"
10932,2008-01,9.7.6.1.99.13,DEDUÇÕES DA PMSP/SDTS - PLANSINE - FAT,"R$ 0,00","R$ 0,00"
10944,2008-01,9.7.6.1.99.20,DEDUÇÕES DO CONVÊNIO MTE/SPPE/CODEFAT,"R$ 0,00","R$ 0,00"
10956,2008-01,9.9.1.1.40.01,DEDUÇÕES DAS MULTAS E JUROS DE MORA DO IMPOSTO S/,"R$ 0,00","R$ 0,00"
10968,2008-01,9.9.1.9.11.02,DEDUÇÕES DAS MULTAS SMSP - SISTEMA NOVO,"R$ 0,00","R$ 0,00"
10980,2008-01,9.9.1.9.15.01,DEDUÇÕES DE MULTAS DE TRÂNSITO - DSV - FMDT,"R$ 0,00","-R$ 9.947,69"
10992,2008-01,9.9.1.9.27.02,DEDUÇÕES DAS MULTAS E JUROS/CONTRATOS PMSP,"R$ 0,00","R$ 0,00"
11004,2008-01,9.9.1.9.99.01,DEDUÇÕES DE MULTAS E JUROS DIVERSOS - PMSP,"R$ 0,00","R$ 0,00"
11016,2008-01,9.9.2.2.99.01,DEDUÇÕES DE RESTITUIÇÕES DIVERSAS,"R$ 0,00","R$ 0,00"
11028,2008-01,9.9.3.1.99.01,DEDUÇÕES DA RECEITA DA DÍVIDA ATIVA DE OUTROS TRIBUTOS - PRINCIPAL - P,"R$ 0,00","R$ 0,00"
11040,2008-01,9.9.3.1.99.03,DEDUÇÕES DE FISC,"R$ 0,00","R$ 0,00"
11052,2008-01,9.9.9.0.01.01,DEDUÇÕES DO REFIS,"R$ 0,00","R$ 0,00"
11064,2008-01,9.9.9.0.01.02,DEDUÇÕES DO PROGRAMA DE PARCELAMENTO INCENTIVADO - PPI,"R$ 0,00","R$ 0,00"
11076,2008-01,9.9.9.0.02.01,DEDUÇÕES DA RECEITA DE HONORÁRIOS DE ADVOGADOS,"R$ 0,00","R$ 0,00"
11088,2008-01,9.9.9.0.99.04,DEDUÇÕES DE TARIFA BANCÁRIA,"R$ 0,00","R$ 0,00"
11100,2008-01,9.9.9.0.99.22,DEDUÇÕES DE EVENTUAIS DIVERSOS - PMSP,"R$ 0,00","-R$ 8.507,28"
11112,2008-01,9.9.9.0.99.23,DEDUÇÕES DOS LEILÕES - DSV/SPTRANS/CET,"R$ 0,00","R$ 0,00"
